type,id,mac,rssi,rate,sig_mode,mcs,bandwidth,smoothing,not_sounding,aggregation,stbc,fec_coding,sgi,noise_floor,ampdu_cnt,channel,secondary_channel,local_timestamp,ant,sig_len,rx_state,len,first_word,data
CSI_DATA,11,5c:01:3b:6b:b0:95,-34,11,0,0,0,0,0,0,0,0,0,-98,0,11,0,-1395020250,0,131,0,128,1,"[-125,48,8,0,-14,3,-14,3,-13,3,-12,3,-12,3,-11,3,-11,4,-10,4,-10,4,-10,4,-10,5,-10,5,-10,5,-10,5,-11,5,-11,5,-10,5,-10,4,-10,4,-9,3,-9,3,-9,3,-9,2,-9,2,-9,2,-3,0,0,0,0,0,0,0,0,0,0,0,0,0,0,0,0,0,0,0,-3,0,-10,2,-11,2,-12,2,-12,1,-12,1,-12,0,-12,0,-12,0,-12,-1,-13,-1,-13,-1,-14,-1,-14,-1,-13,-1,-13,-1,-13,-1,-13,0,-12,0,-12,0,-12,1,-12,1,-12,1,-12,1,-13,2,-14,2,-14,1]"
CSI_DATA,12,5c:01:3b:6b:b0:95,-34,11,0,0,0,0,0,0,0,0,0,-98,0,11,0,-1395019174,0,135,0,128,1,"[-121,112,8,0,1,-14,1,-14,0,-13,0,-13,0,-12,0,-12,-1,-12,-1,-11,-2,-11,-2,-11,-3,-11,-3,-11,-3,-11,-3,-11,-2,-12,-2,-12,-2,-11,-2,-11,-2,-11,-2,-10,-1,-10,-1,-9,-1,-9,-1,-9,-1,-9,-1,-3,0,0,0,0,0,0,0,0,0,0,0,0,0,0,0,0,0,0,0,-3,0,-11,1,-11,2,-12,2,-12,3,-11,3,-12,3,-12,4,-11,4,-11,4,-12,4,-13,4,-13,5,-12,5,-12,5,-12,4,-12,4,-12,3,-12,3,-12,3,-12,3,-12,2,-12,2,-12,2,-13,2,-14,2,-14]"
CSI_DATA,13,5c:01:3b:6b:b0:95,-34,11,0,0,0,0,0,0,0,0,0,-98,0,11,0,-1394999124,0,191,0,128,1,"[-65,-16,11,0,-37,-19,-37,-18,-36,-15,-35,-14,-35,-13,-33,-12,-32,-10,-32,-9,-32,-9,-33,-9,-33,-6,-33,-5,-34,-5,-34,-6,-35,-7,-34,-7,-33,-7,-31,-7,-30,-7,-29,-8,-28,-8,-27,-8,-26,-9,-25,-9,-24,-10,-6,-3,0,0,0,0,0,0,0,0,0,0,0,0,0,0,0,0,0,0,-8,-4,-29,-15,-29,-16,-30,-18,-31,-20,-30,-21,-30,-22,-29,-23,-28,-24,-28,-25,-29,-26,-30,-28,-30,-29,-28,-29,-28,-28,-28,-27,-29,-26,-30,-25,-29,-22,-30,-22,-30,-22,-31,-21,-31,-20,-32,-20,-34,-20,-35,-21,-35,-22]"
CSI_DATA,14,5c:01:3b:6b:b0:95,-34,11,0,0,0,0,0,0,0,0,0,-98,0,11,0,-1394983133,0,37,0,128,1,"[37,80,2,0,-12,-8,-12,-8,-12,-7,-11,-6,-11,-6,-11,-6,-10,-5,-10,-5,-11,-5,-11,-4,-11,-4,-11,-3,-11,-3,-11,-4,-12,-4,-11,-4,-11,-4,-11,-4,-10,-4,-10,-4,-9,-4,-9,-4,-9,-4,-8,-4,-8,-4,-2,-1,0,0,0,0,0,0,0,0,0,0,0,0,0,0,0,0,0,0,-3,-2,-9,-6,-9,-7,-9,-8,-9,-8,-9,-8,-9,-9,-9,-9,-8,-9,-8,-10,-8,-10,-9,-11,-9,-11,-8,-11,-8,-10,-8,-10,-9,-10,-9,-10,-9,-9,-9,-9,-9,-9,-9,-8,-10,-8,-10,-8,-10,-9,-11,-9,-11,-9]"
CSI_DATA,15,5c:01:3b:6b:b0:95,-44,11,1,7,0,1,1,0,0,0,0,-98,0,11,0,-1394982365,0,86,1,256,1,"[86,-32,4,0,-9,24,-8,24,-7,23,-6,22,-6,22,-5,22,-4,22,-3,21,-2,21,-2,21,-2,21,-2,21,-1,21,-1,21,-1,21,-1,21,-1,20,-1,20,-2,19,-2,19,-3,18,-4,17,-5,16,-5,16,-5,16,-2,4,0,0,0,0,0,0,0,0,0,0,0,0,0,0,0,0,0,0,-1,5,-4,20,-5,20,-6,21,-8,21,-9,21,-9,22,-10,22,-11,22,-12,22,-13,22,-13,22,-14,22,-14,21,-14,21,-14,21,-13,21,-12,21,-12,21,-11,21,-11,22,-10,23,-10,23,-9,23,-10,23,-9,24,-9,24,-7,13,-20,45,-20,45,-19,44,-17,43,-16,42,-15,41,-14,40,-13,40,-10,40,-8,40,-6,40,-5,40,-4,40,-5,40,-5,40,-6,40,-6,39,-7,38,-8,37,-9,36,-10,34,-10,33,-10,32,-10,30,-11,29,-12,28,-17,25,-18,24,-4,4,-2,1,0,-1,-1,-2,-1,-1,0,2,-1,6,-3,38,-6,38,-8,39,-11,39,-14,39,-17,39,-20,40,-22,40,-24,40,-26,40,-27,40,-27,40,-27,41,-27,41,-27,41,-28,40,-28,39,-28,39,-27,38,-26,39,-26,39,-25,39,-24,40,-22,42,-21,43,-20,44,-19,45,-18,46]"
CSI_DATA,16,5c:01:3b:6b:b0:95,-43,11,1,7,0,1,1,0,0,0,0,-98,0,11,0,-1394981428,0,86,1,256,1,"[86,-32,4,0,-27,-1,-26,0,-25,0,-24,1,-24,1,-23,1,-23,2,-22,3,-21,4,-21,5,-21,5,-22,6,-21,6,-21,6,-21,6,-21,6,-21,5,-20,4,-20,3,-19,3,-19,2,-18,2,-18,2,-17,1,-17,0,-5,0,0,0,0,0,0,0,0,0,0,0,0,0,0,0,0,0,0,0,-6,0,-21,2,-22,1,-23,-1,-24,-2,-24,-2,-24,-3,-25,-4,-25,-5,-25,-6,-25,-6,-26,-6,-26,-6,-26,-7,-25,-7,-25,-7,-25,-7,-25,-6,-24,-5,-25,-5,-25,-4,-25,-4,-25,-3,-25,-2,-26,-1,-27,-1,-27,-1,-16,-3,-50,-8,-49,-9,-48,-8,-46,-7,-45,-6,-45,-5,-44,-3,-43,-2,-42,-1,-42,1,-42,2,-41,3,-41,4,-41,4,-41,4,-41,4,-40,4,-40,3,-39,3,-38,2,-37,0,-36,-1,-34,-2,-33,-3,-32,-4,-31,-5,-28,-12,-27,-13,-5,-3,-2,-1,0,0,1,-1,0,0,-3,0,-8,0,-40,-1,-40,-3,-40,-1,-41,-4,-42,-7,-43,-9,-44,-11,-45,-13,-45,-15,-45,-17,-45,-18,-46,-18,-46,-19,-46,-19,-45,-20,-45,-20,-44,-20,-44,-20,-44,-19,-44,-17,-45,-16,-45,-15,-46,-14,-47,-13,-47,-12,-48,-11,-49,-10,-50,-9]"
CSI_DATA,17,5c:01:3b:6b:b0:95,-43,11,1,7,0,1,1,0,0,0,0,-98,0,11,0,-1394979963,0,86,1,256,1,"[86,-32,4,0,25,-2,25,-2,24,-3,23,-3,23,-4,22,-4,21,-5,21,-5,20,-6,20,-7,20,-8,20,-8,20,-8,19,-8,20,-8,20,-8,19,-7,19,-6,18,-6,18,-5,18,-4,17,-4,17,-4,16,-3,16,-2,4,-1,0,0,0,0,0,0,0,0,0,0,0,0,0,0,0,0,0,0,5,-2,20,-5,21,-4,22,-3,22,-2,23,-1,24,0,24,1,24,2,25,3,25,3,25,3,25,4,25,4,24,4,24,4,24,4,24,3,24,2,24,2,24,1,24,1,25,0,24,-1,25,-1,26,-2,26,-2,15,-1,50,-3,49,-3,48,-3,46,-3,45,-4,44,-5,43,-6,42,-7,40,-9,39,-11,39,-12,39,-14,39,-14,39,-14,38,-14,38,-14,38,-13,37,-13,37,-12,36,-10,36,-8,34,-7,33,-7,32,-6,31,-4,30,-3,30,1,29,3,5,0,1,0,-1,-1,-2,0,-1,0,1,-1,6,-3,35,-13,36,-11,39,-8,40,-6,42,-3,43,-1,45,1,45,4,46,6,47,7,47,8,47,8,47,8,48,8,48,8,47,9,47,9,47,9,46,8,46,7,46,6,47,6,47,4,47,2,47,1,48,-1,49,-2,50,-3]"
CSI_DATA,18,5c:01:3b:6b:b0:95,-39,11,1,7,0,1,1,0,0,0,0,-98,0,11,0,-1394950066,0,86,1,256,1,"[86,-32,4,0,12,3,12,3,11,2,11,2,11,1,11,1,11,1,10,0,10,0,10,-1,10,-1,10,-1,10,-1,10,-1,10,-1,10,-1,10,-1,10,0,9,0,9,0,9,0,8,1,8,1,8,1,7,2,1,0,0,0,0,0,0,0,0,0,0,0,0,0,0,0,0,0,0,0,2,0,10,0,10,1,10,2,11,2,10,3,11,3,11,4,11,4,11,4,11,5,11,5,11,5,11,6,11,5,11,5,11,5,10,5,11,4,11,4,11,4,11,3,11,3,11,3,12,3,12,3,13,3,13,4,46,15,45,16,44,16,43,15,41,14,41,12,40,10,41,9,40,7,39,5,40,3,40,2,40,2,40,3,40,2,40,2,39,2,38,2,37,3,36,4,35,5,34,6,32,6,31,7,29,9,28,10,24,15,22,17,3,3,0,0,-1,-1,-2,-1,-1,-1,1,0,6,0,37,7,37,9,37,7,38,10,38,13,38,16,38,18,38,20,39,21,39,23,39,24,39,24,39,25,39,26,39,26,39,26,39,26,39,25,38,24,38,23,38,23,39,22,40,21,42,20,43,19,44,19,45,18,45,17]"
CSI_DATA,19,5c:01:3b:6b:b0:95,-43,11,1,6,0,1,1,1,0,0,0,-98,1,11,0,-1394934100,0,82,1,256,1,"[82,-96,4,0,24,-2,24,-2,23,-3,22,-3,22,-4,21,-4,20,-5,20,-6,19,-6,19,-7,19,-7,19,-7,19,-8,19,-8,19,-8,19,-7,19,-7,18,-6,18,-6,17,-5,17,-4,16,-4,16,-3,16,-2,15,-2,3,-1,0,0,0,0,0,0,0,0,0,0,0,0,0,0,0,0,0,0,4,-1,19,-4,20,-3,20,-2,21,-2,22,-1,22,0,23,1,23,2,23,3,23,4,24,4,24,4,24,4,23,4,23,4,23,3,23,3,23,2,23,2,23,1,23,0,24,0,23,0,24,-1,25,-1,25,-1,14,0,47,1,46,1,45,1,44,0,43,0,42,-1,41,-3,40,-4,39,-6,38,-7,38,-9,38,-10,38,-10,38,-10,38,-10,37,-10,37,-9,36,-9,36,-8,35,-7,34,-5,33,-4,32,-3,31,-2,30,-1,29,0,27,7,26,8,4,1,1,0,-1,-1,-2,0,-1,0,1,-1,6,-2,35,-9,36,-6,37,-5,38,-3,39,0,41,2,42,4,42,6,43,7,44,9,44,10,44,10,45,11,45,11,44,12,44,12,44,12,44,11,43,11,43,9,43,9,44,8,44,7,45,5,45,4,46,2,47,2,47,1]"
CSI_DATA,20,5c:01:3b:6b:b0:95,-34,11,0,0,0,0,0,0,0,0,0,-98,0,11,0,-1394918982,0,37,0,128,1,"[37,80,2,0,-3,13,-2,13,-2,12,-1,12,-1,12,-1,11,-1,11,0,10,0,10,0,10,1,10,1,10,1,11,1,11,1,11,0,11,0,11,0,10,0,9,0,9,-1,9,-1,9,-1,8,-1,8,-1,8,-1,2,0,0,0,0,0,0,0,0,0,0,0,0,0,0,0,0,0,0,-1,2,-1,10,-2,10,-2,11,-3,11,-3,11,-3,11,-4,11,-4,11,-5,11,-5,11,-5,12,-6,12,-6,11,-6,11,-5,11,-5,11,-5,11,-4,11,-4,11,-4,11,-4,11,-3,11,-3,11,-3,12,-3,13,-3,13]"
CSI_DATA,21,5c:01:3b:6b:b0:95,-43,11,1,7,0,1,1,1,0,0,0,-98,1,11,0,-1394900437,0,86,1,256,1,"[86,-32,4,0,-2,-26,-3,-26,-3,-25,-3,-24,-3,-24,-4,-23,-5,-23,-6,-22,-7,-21,-8,-21,-8,-21,-8,-21,-9,-21,-9,-21,-8,-21,-8,-21,-8,-20,-7,-20,-6,-20,-6,-20,-5,-19,-4,-18,-4,-18,-3,-18,-3,-18,-1,-5,0,0,0,0,0,0,0,0,0,0,0,0,0,0,0,0,0,0,-2,-6,-5,-21,-4,-22,-3,-23,-2,-24,-1,-24,0,-25,1,-25,2,-25,3,-26,3,-26,3,-26,3,-26,4,-26,4,-26,4,-25,3,-26,3,-25,2,-25,2,-25,1,-25,1,-26,0,-26,-1,-26,-1,-26,-2,-27,-3,-27,1,-16,3,-50,3,-50,3,-49,2,-47,1,-45,0,-44,-1,-44,-2,-43,-4,-43,-6,-42,-7,-42,-9,-41,-10,-41,-10,-41,-10,-41,-9,-40,-8,-40,-8,-40,-6,-39,-5,-38,-4,-37,-3,-36,-2,-35,-2,-34,0,-33,1,-32,9,-29,10,-29,2,-6,0,-2,-1,0,0,1,-1,0,-1,-3,-2,-8,-5,-40,-3,-40,-4,-41,-1,-42,2,-43,4,-44,5,-45,7,-45,9,-46,12,-47,13,-47,14,-47,14,-48,14,-47,14,-47,14,-47,14,-47,13,-46,12,-46,12,-46,11,-46,10,-46,9,-47,8,-48,6,-48,4,-49,4,-50,3,-50]"
CSI_DATA,22,5c:01:3b:6b:b0:95,-43,11,1,7,0,1,1,1,0,0,0,-98,1,11,0,-1394850662,0,86,1,256,1,"[86,-32,4,0,-6,-26,-6,-26,-6,-24,-6,-23,-6,-23,-7,-23,-8,-22,-9,-21,-9,-21,-10,-20,-10,-20,-10,-20,-10,-20,-11,-20,-11,-20,-10,-20,-10,-19,-9,-19,-9,-19,-8,-19,-7,-18,-6,-17,-5,-17,-5,-17,-4,-17,-1,-5,0,0,0,0,0,0,0,0,0,0,0,0,0,0,0,0,0,0,-2,-5,-8,-20,-7,-21,-6,-22,-5,-23,-5,-24,-4,-25,-3,-25,-2,-25,-1,-26,-1,-26,-1,-27,0,-27,0,-27,0,-26,0,-26,0,-26,-1,-25,-1,-25,-2,-25,-2,-25,-3,-26,-3,-26,-4,-25,-5,-26,-5,-27,-6,-27,-4,-16,-11,-51,-10,-50,-10,-49,-10,-47,-10,-46,-11,-45,-11,-43,-13,-42,-14,-41,-16,-39,-18,-39,-19,-38,-20,-39,-20,-39,-19,-38,-19,-38,-18,-38,-17,-38,-16,-37,-14,-37,-13,-36,-12,-35,-11,-34,-10,-33,-9,-32,-7,-32,-4,-31,-2,-31,-1,-6,0,-2,0,0,0,0,0,0,-2,-2,-4,-6,-20,-34,-18,-36,-15,-39,-12,-41,-10,-43,-8,-44,-6,-46,-4,-47,-2,-48,-1,-49,1,-49,1,-49,1,-50,0,-50,1,-50,1,-50,2,-50,1,-49,1,-49,0,-48,-1,-48,-2,-48,-3,-49,-5,-49,-7,-48,-8,-49,-9,-50,-10,-51]"
CSI_DATA,23,5c:01:3b:6b:b0:95,-43,11,1,7,0,1,1,1,0,0,0,-98,1,11,0,-1394800386,0,86,1,256,1,"[86,-32,4,0,-26,-7,-26,-7,-25,-6,-24,-5,-24,-4,-23,-4,-23,-3,-23,-2,-22,-1,-22,0,-22,0,-22,1,-23,1,-22,1,-22,1,-22,1,-22,0,-21,0,-20,-1,-20,-2,-19,-2,-19,-2,-18,-2,-17,-3,-17,-4,-5,-1,0,0,0,0,0,0,0,0,0,0,0,0,0,0,0,0,0,0,-6,-1,-22,-4,-22,-5,-23,-6,-23,-7,-23,-8,-23,-9,-24,-10,-24,-11,-24,-12,-24,-12,-24,-13,-24,-13,-23,-13,-23,-13,-23,-13,-23,-12,-23,-12,-23,-11,-23,-10,-24,-10,-24,-9,-25,-9,-25,-8,-25,-8,-26,-8,-27,-7,-16,-5,-50,-14,-49,-14,-48,-14,-47,-13,-45,-12,-45,-10,-44,-9,-44,-8,-43,-6,-43,-4,-43,-2,-43,-1,-43,-1,-43,0,-43,0,-42,0,-42,0,-41,-1,-40,-2,-39,-3,-38,-4,-36,-5,-35,-6,-34,-6,-32,-7,-31,-8,-29,-12,-28,-13,-5,-3,-2,-1,0,0,1,-1,0,0,-3,0,-8,-1,-40,-2,-40,-4,-41,-7,-42,-10,-42,-13,-43,-15,-43,-17,-43,-19,-44,-21,-44,-23,-44,-24,-44,-25,-43,-26,-44,-26,-43,-27,-43,-27,-43,-26,-43,-25,-43,-24,-43,-23,-44,-22,-44,-21,-45,-20,-46,-19,-46,-17,-47,-16,-49,-16,-49,-16]"
CSI_DATA,24,5c:01:3b:6b:b0:95,-43,11,1,6,0,1,1,1,0,0,0,-98,1,11,0,-1394748655,0,86,1,256,1,"[86,-32,4,0,21,-13,21,-13,20,-13,19,-13,19,-13,18,-13,17,-14,16,-14,15,-14,15,-15,14,-15,14,-15,14,-15,14,-15,14,-15,14,-15,14,-15,14,-14,14,-13,14,-12,14,-11,14,-11,13,-10,13,-9,13,-8,3,-2,0,0,0,0,0,0,0,0,0,0,0,0,0,0,0,0,0,0,3,-4,15,-13,16,-13,17,-12,18,-12,20,-11,21,-11,21,-10,22,-10,22,-9,23,-8,23,-8,24,-8,24,-8,23,-8,23,-8,22,-8,22,-8,21,-9,22,-9,22,-10,22,-11,21,-11,21,-11,22,-12,22,-12,22,-13,13,-6,43,-20,43,-20,41,-20,40,-19,39,-19,38,-20,36,-21,35,-22,33,-23,32,-24,31,-25,30,-26,30,-26,30,-26,30,-26,30,-26,30,-25,30,-24,30,-23,30,-21,29,-20,28,-18,28,-17,27,-16,27,-14,26,-12,28,-7,28,-5,5,-1,1,-1,-1,0,-1,0,-1,0,1,-2,5,-5,29,-23,31,-21,32,-22,34,-20,36,-18,38,-17,40,-16,41,-15,43,-13,44,-12,44,-11,45,-11,45,-11,46,-10,46,-10,46,-9,45,-9,45,-10,44,-10,43,-11,43,-12,43,-13,43,-14,43,-15,43,-17,43,-18,44,-19,44,-20]"
CSI_DATA,25,5c:01:3b:6b:b0:95,-39,11,1,6,0,1,1,1,0,0,0,-98,1,11,0,-1394698963,0,86,1,256,1,"[86,-32,4,0,3,-22,3,-22,2,-22,2,-21,2,-20,1,-20,1,-19,0,-19,-1,-19,-1,-19,-2,-19,-2,-19,-2,-19,-2,-19,-2,-19,-2,-19,-1,-18,-1,-18,-1,-17,0,-17,1,-16,1,-16,1,-15,2,-14,2,-14,0,-4,0,0,0,0,0,0,0,0,0,0,0,0,0,0,0,0,0,0,-1,-5,-1,-18,0,-19,1,-19,2,-20,3,-20,4,-20,5,-21,5,-21,6,-21,7,-21,8,-21,8,-21,8,-21,8,-20,8,-20,7,-21,7,-20,6,-20,6,-20,6,-21,5,-21,5,-21,4,-21,4,-22,4,-23,4,-23,2,-13,7,-43,7,-42,7,-41,7,-40,6,-39,5,-38,4,-37,3,-37,1,-36,0,-36,-1,-36,-2,-36,-3,-36,-3,-36,-3,-35,-2,-35,-2,-35,-1,-35,0,-35,1,-33,2,-32,2,-30,3,-29,4,-28,4,-27,6,-26,8,-24,9,-23,1,-5,0,-2,-1,0,0,0,-1,0,-1,-2,-1,-6,-3,-33,-1,-34,0,-35,3,-36,5,-36,7,-37,9,-38,11,-38,12,-38,14,-39,15,-39,16,-39,17,-39,17,-39,17,-39,17,-38,17,-38,16,-38,16,-38,14,-38,14,-38,13,-39,12,-39,11,-40,10,-40,10,-41,9,-42,9,-42]"
CSI_DATA,26,5c:01:3b:6b:b0:95,-43,11,1,7,0,1,1,1,0,0,0,-98,1,11,0,-1394650561,0,86,1,256,1,"[86,-32,4,0,25,-4,25,-4,24,-5,23,-5,23,-5,22,-5,22,-6,21,-7,20,-8,20,-9,19,-9,19,-10,19,-10,19,-10,19,-10,19,-9,19,-9,19,-8,18,-7,18,-7,18,-6,17,-5,16,-5,16,-4,16,-4,4,-1,0,0,0,0,0,0,0,0,0,0,0,0,0,0,0,0,0,0,5,-2,20,-6,21,-5,22,-4,23,-3,23,-2,24,-1,24,0,25,1,25,2,25,2,26,2,26,3,25,3,25,3,25,3,25,2,24,1,24,1,25,0,25,0,25,-1,25,-1,25,-2,25,-3,26,-3,27,-3,15,-1,50,-3,49,-3,48,-3,46,-4,45,-4,44,-5,43,-6,42,-7,41,-9,40,-11,39,-13,39,-14,39,-15,39,-15,38,-15,38,-15,38,-14,38,-13,37,-12,37,-10,36,-9,34,-7,34,-7,33,-6,31,-5,31,-3,30,3,29,5,5,1,1,0,-1,-1,-2,0,-1,0,1,-1,6,-3,38,-11,38,-9,40,-8,41,-5,42,-3,43,-1,45,1,46,3,46,5,47,7,47,8,47,9,48,9,48,9,48,10,48,10,47,10,47,9,46,8,46,7,46,6,47,5,48,4,48,3,48,1,48,-1,49,-2,50,-2]"
CSI_DATA,27,5c:01:3b:6b:b0:95,-43,11,1,7,0,1,1,1,0,0,0,-98,1,11,0,-1394597159,0,86,1,256,1,"[86,-32,4,0,-26,-8,-25,-8,-24,-7,-24,-6,-24,-5,-23,-5,-23,-4,-22,-3,-22,-3,-22,-2,-22,-2,-22,-1,-22,-1,-22,0,-22,0,-22,-1,-22,-1,-21,-2,-20,-2,-20,-3,-19,-3,-18,-3,-18,-4,-17,-5,-17,-5,-4,-2,0,0,0,0,0,0,0,0,0,0,0,0,0,0,0,0,0,0,-6,-1,-22,-4,-22,-5,-22,-6,-23,-8,-23,-9,-23,-9,-23,-10,-23,-11,-23,-12,-23,-13,-23,-14,-23,-14,-22,-14,-22,-14,-22,-14,-23,-13,-23,-12,-23,-12,-23,-11,-23,-11,-24,-10,-24,-10,-24,-9,-25,-9,-26,-9,-26,-9,-15,-6,-49,-18,-48,-19,-47,-18,-45,-17,-44,-16,-44,-14,-43,-13,-42,-11,-42,-9,-42,-7,-42,-6,-43,-4,-43,-4,-43,-4,-42,-4,-42,-4,-41,-4,-40,-5,-39,-5,-38,-6,-37,-7,-36,-8,-34,-9,-33,-9,-32,-10,-30,-11,-27,-15,-26,-17,-5,-4,-2,-2,0,0,1,0,0,0,-3,0,-7,-1,-40,-4,-39,-7,-41,-10,-41,-13,-41,-16,-41,-18,-42,-20,-42,-22,-42,-24,-42,-26,-42,-27,-41,-27,-42,-28,-42,-28,-42,-28,-41,-29,-41,-29,-41,-28,-41,-27,-41,-26,-41,-26,-42,-25,-43,-23,-44,-22,-45,-20,-46,-19,-47,-19,-48,-19]"
CSI_DATA,28,5c:01:3b:6b:b0:95,-43,11,1,6,0,1,1,1,0,0,0,-98,1,11,0,-1394547705,0,86,1,256,1,"[86,-32,4,0,0,-25,0,-25,-1,-24,-1,-23,-1,-23,-2,-22,-3,-22,-4,-22,-5,-21,-5,-21,-5,-21,-6,-21,-6,-21,-6,-21,-6,-21,-6,-20,-6,-20,-5,-20,-5,-20,-4,-19,-3,-18,-2,-17,-2,-17,-2,-17,-1,-17,-1,-5,0,0,0,0,0,0,0,0,0,0,0,0,0,0,0,0,0,0,-1,-5,-2,-21,-1,-21,0,-22,1,-23,2,-23,3,-23,4,-24,5,-24,6,-24,6,-24,6,-25,6,-25,7,-24,7,-24,6,-24,6,-24,5,-24,5,-23,4,-24,4,-24,3,-24,3,-24,2,-24,2,-25,1,-26,1,-26,2,-15,7,-48,7,-47,7,-46,6,-45,5,-44,4,-43,3,-42,2,-42,0,-41,-2,-41,-3,-40,-4,-40,-5,-41,-5,-40,-5,-40,-5,-39,-4,-39,-4,-38,-3,-38,-2,-37,-1,-36,0,-34,1,-33,2,-32,3,-31,4,-30,11,-28,12,-27,2,-5,0,-2,-1,0,-1,1,-1,0,-1,-3,-1,-7,-1,-38,2,-38,2,-39,4,-40,7,-41,9,-41,11,-42,13,-43,15,-43,16,-43,17,-43,18,-43,18,-44,19,-44,19,-43,19,-43,19,-43,18,-43,17,-43,16,-43,15,-43,14,-44,13,-44,12,-45,10,-45,9,-46,9,-47,8,-48]"
CSI_DATA,29,5c:01:3b:6b:b0:95,-43,11,1,6,0,1,1,1,0,0,0,-98,1,11,0,-1394498866,0,86,1,256,1,"[86,-32,4,0,-12,-22,-12,-22,-12,-21,-12,-20,-12,-20,-12,-19,-13,-18,-14,-17,-14,-17,-15,-16,-15,-16,-15,-15,-15,-15,-15,-15,-15,-15,-15,-15,-15,-15,-14,-15,-13,-15,-12,-15,-11,-15,-10,-14,-9,-14,-9,-14,-8,-15,-2,-4,0,0,0,0,0,0,0,0,0,0,0,0,0,0,0,0,0,0,-3,-4,-12,-17,-12,-18,-11,-19,-11,-20,-10,-21,-9,-22,-9,-23,-8,-23,-8,-24,-7,-24,-7,-25,-7,-25,-6,-25,-6,-24,-7,-24,-7,-24,-8,-23,-8,-23,-8,-23,-9,-23,-9,-23,-10,-23,-10,-22,-11,-23,-11,-23,-12,-24,-7,-14,-21,-45,-20,-44,-20,-43,-19,-42,-19,-40,-20,-39,-20,-38,-21,-36,-22,-35,-24,-33,-25,-32,-26,-32,-27,-31,-27,-31,-26,-31,-26,-31,-25,-31,-24,-31,-23,-31,-21,-31,-20,-30,-19,-29,-17,-29,-16,-28,-15,-28,-13,-28,-9,-28,-7,-29,-1,-6,-1,-2,0,0,0,0,0,0,-2,-2,-5,-6,-24,-30,-22,-31,-21,-34,-19,-36,-17,-38,-16,-40,-14,-42,-13,-43,-12,-45,-10,-45,-10,-46,-9,-46,-9,-47,-9,-47,-9,-47,-9,-47,-9,-47,-9,-47,-9,-46,-10,-45,-11,-45,-12,-45,-13,-45,-15,-45,-17,-44,-18,-44,-19,-44,-20,-45]"
