type,id,mac,rssi,rate,sig_mode,mcs,bandwidth,smoothing,not_sounding,aggregation,stbc,fec_coding,sgi,noise_floor,ampdu_cnt,channel,secondary_channel,local_timestamp,ant,sig_len,rx_format,len,first_word,data
CSI_DATA,0,5c:01:3b:6b:b0:95,-47,11,1,7,0,1,1,0,0,0,0,-96,0,11,0,8927879,0,86,1,256,1,"[86,-32,4,0,-8,-15,-8,-15,-8,-14,-8,-14,-8,-14,-8,-13,-8,-13,-8,-12,-9,-12,-9,-12,-9,-11,-9,-11,-9,-11,-9,-11,-9,-11,-9,-11,-9,-11,-8,-11,-8,-10,-7,-10,-7,-10,-7,-10,-6,-10,-5,-10,-5,-10,-2,-3,0,0,0,0,0,0,0,0,0,0,0,0,0,0,0,0,0,0,-2,-3,-8,-10,-8,-11,-8,-12,-8,-12,-7,-13,-7,-14,-6,-14,-6,-15,-5,-15,-5,-16,-5,-16,-4,-16,-4,-16,-4,-16,-5,-16,-5,-16,-5,-15,-5,-15,-6,-15,-6,-15,-6,-15,-7,-15,-7,-15,-7,-16,-7,-16,-7,-16,-7,-20,-23,-61,-23,-61,-22,-60,-22,-58,-22,-56,-22,-55,-23,-53,-24,-51,-25,-48,-28,-47,-30,-46,-31,-45,-32,-44,-31,-44,-31,-44,-30,-43,-29,-43,-28,-42,-27,-42,-24,-41,-22,-41,-21,-40,-20,-39,-19,-38,-17,-37,-15,-36,-7,-37,-4,-37,-1,-7,-1,-3,-1,0,0,1,0,0,-2,-2,-6,-7,-29,-38,-26,-40,-27,-42,-24,-45,-22,-48,-20,-50,-18,-52,-15,-54,-14,-56,-12,-57,-12,-58,-12,-59,-12,-60,-12,-61,-12,-61,-10,-61,-10,-61,-10,-60,-11,-59,-11,-58,-12,-59,-13,-58,-14,-59,-17,-60,-19,-60,-21,-60,-23,-61,-23,-62]"
CSI_DATA,1,5c:01:3b:6b:b0:95,-46,11,1,5,0,1,1,1,0,0,0,-96,1,11,0,8975799,0,86,1,256,1,"[86,-32,4,0,5,25,5,24,5,23,6,22,6,21,6,21,6,20,7,19,8,19,8,19,9,18,9,18,9,18,9,18,9,18,9,18,8,18,7,17,7,17,6,16,5,16,5,15,4,15,4,15,3,14,0,3,0,0,0,0,0,0,0,0,0,0,0,0,0,0,0,0,0,0,2,4,8,17,7,18,6,19,5,20,5,20,4,21,3,22,2,22,1,23,1,24,1,24,1,24,1,24,1,24,0,23,0,23,1,23,1,23,2,23,3,23,3,23,3,24,4,24,5,24,5,25,5,25,0,14,3,48,3,48,3,46,3,45,4,43,5,42,6,41,7,40,8,39,10,38,11,37,12,36,13,36,13,37,13,36,12,35,12,35,11,34,10,34,8,33,7,32,6,31,6,30,5,29,4,29,2,28,-4,27,-6,27,-2,4,-1,1,-1,-1,-1,-2,-1,-1,0,1,2,5,13,33,10,34,11,34,8,36,6,37,4,39,2,40,0,41,-1,42,-3,43,-4,43,-4,44,-4,45,-4,45,-5,45,-5,45,-6,45,-5,45,-5,44,-4,44,-3,44,-2,45,-1,45,0,46,2,46,3,46,4,47,4,47]"
CSI_DATA,2,5c:01:3b:6b:b0:95,-44,11,1,7,0,1,1,1,0,0,0,-96,1,11,0,9019317,0,86,1,256,1,"[86,-32,4,0,13,-1,12,-1,12,-1,12,-2,12,-2,11,-2,11,-2,10,-3,10,-3,10,-3,10,-3,9,-3,9,-4,9,-4,10,-4,10,-4,9,-3,9,-3,9,-3,8,-3,8,-2,8,-2,8,-1,7,-1,7,-1,1,-1,0,0,0,0,0,0,0,0,0,0,0,0,0,0,0,0,0,0,2,-1,9,-3,10,-2,10,-2,11,-1,11,-1,11,-1,11,0,12,0,12,1,12,2,12,2,12,2,12,2,12,2,12,2,12,2,12,1,11,1,11,1,12,1,12,0,12,0,12,0,12,0,13,0,13,0,14,-2,49,-4,48,-4,48,-4,47,-4,45,-5,44,-5,42,-7,41,-8,40,-10,39,-12,38,-14,37,-15,37,-15,37,-15,36,-15,36,-15,36,-14,35,-13,35,-12,34,-11,33,-10,32,-8,31,-7,30,-7,29,-6,29,-4,29,-2,28,0,4,0,1,0,-1,-1,-2,0,-1,0,1,-2,5,-4,30,-19,33,-17,36,-11,38,-9,39,-6,40,-4,42,-3,43,-2,44,0,45,2,46,3,46,4,46,4,46,4,45,4,45,5,46,5,45,4,45,4,45,3,45,3,46,2,47,1,47,-1,46,-2,47,-4,49,-4,50,-4]"
CSI_DATA,3,5c:01:3b:6b:b0:95,-44,11,1,7,0,1,1,1,0,0,0,-96,1,11,0,9069371,0,86,1,256,1,"[86,-32,4,0,-13,1,-13,1,-13,1,-12,1,-12,2,-12,2,-11,2,-11,2,-11,3,-11,3,-10,3,-10,3,-10,3,-10,3,-10,4,-10,4,-10,3,-9,3,-9,2,-9,2,-9,2,-8,1,-8,1,-8,1,-8,1,-2,0,0,0,0,0,0,0,0,0,0,0,0,0,0,0,0,0,0,0,-3,0,-10,3,-10,2,-11,1,-11,1,-12,1,-12,1,-12,0,-12,0,-13,-1,-13,-1,-13,-1,-13,-2,-13,-2,-13,-2,-13,-2,-13,-1,-13,-1,-12,-1,-13,0,-13,0,-13,0,-13,0,-13,0,-13,1,-14,1,-14,0,-16,2,-51,9,-50,8,-49,8,-47,8,-45,8,-43,9,-42,9,-41,11,-40,12,-39,13,-39,15,-38,15,-37,16,-37,16,-36,16,-35,16,-35,15,-35,14,-35,13,-34,12,-34,11,-32,10,-31,9,-30,8,-29,7,-29,5,-28,5,-28,4,-5,0,-2,-1,0,-1,0,-1,0,-1,-2,1,-6,3,-32,19,-33,17,-36,13,-38,10,-40,8,-42,6,-43,5,-45,4,-46,2,-47,1,-48,-1,-48,-1,-48,-2,-48,-3,-48,-3,-47,-4,-48,-4,-48,-3,-47,-2,-47,-1,-47,1,-47,2,-48,2,-48,4,-49,5,-49,6,-49,6,-50,6]"
CSI_DATA,4,5c:01:3b:6b:b0:95,-48,11,1,7,0,1,1,1,0,0,0,-96,1,11,0,9119274,0,86,1,256,1,"[86,-32,4,0,19,-16,18,-16,18,-16,17,-16,16,-16,15,-16,14,-16,13,-16,12,-17,12,-17,12,-17,11,-17,11,-17,11,-17,11,-17,11,-17,11,-16,11,-16,10,-15,10,-14,10,-13,11,-12,11,-12,10,-12,10,-11,2,-3,0,0,0,0,0,0,0,0,0,0,0,0,0,0,0,0,0,0,3,-4,12,-15,13,-15,14,-15,15,-14,16,-14,17,-14,18,-14,19,-13,20,-13,20,-12,21,-12,22,-12,21,-12,21,-11,21,-11,20,-12,20,-12,20,-13,20,-13,20,-14,19,-14,19,-15,19,-15,20,-16,20,-16,20,-17,8,-13,30,-38,29,-38,28,-37,27,-37,26,-36,24,-35,23,-35,21,-35,20,-35,18,-36,17,-36,16,-36,15,-36,15,-36,14,-36,14,-36,14,-35,15,-35,15,-34,15,-32,15,-30,15,-28,15,-27,15,-26,15,-25,16,-23,14,-25,14,-24,2,-5,0,-2,-1,0,-1,1,-1,0,0,-2,0,-7,6,-36,8,-36,18,-32,20,-32,23,-32,25,-32,27,-32,29,-31,31,-31,33,-30,34,-30,35,-29,36,-29,36,-29,36,-28,36,-28,35,-29,35,-29,34,-30,33,-30,33,-31,32,-32,32,-33,31,-34,31,-35,31,-35,32,-36,32,-37]"
CSI_DATA,5,5c:01:3b:6b:b0:95,-47,11,1,6,0,1,1,1,0,0,0,-96,1,11,0,9170997,0,86,1,256,1,"[86,-32,4,0,24,-1,24,-1,23,-2,22,-2,22,-3,21,-3,20,-4,19,-5,19,-5,19,-6,19,-6,19,-6,18,-7,18,-7,18,-7,18,-6,17,-6,17,-6,16,-5,16,-5,15,-4,15,-3,14,-3,14,-3,13,-2,3,-1,0,0,0,0,0,0,0,0,0,0,0,0,0,0,0,0,0,0,4,-2,18,-4,19,-3,19,-2,20,-1,21,-1,21,0,22,1,22,2,22,2,22,3,23,3,23,4,23,4,23,4,23,4,23,3,22,3,22,2,23,2,23,1,23,1,23,0,23,0,24,0,25,-1,25,-1,13,2,46,6,45,7,43,6,42,6,41,5,40,3,39,2,39,1,38,-1,37,-2,37,-4,36,-5,37,-5,36,-5,36,-5,35,-5,35,-5,34,-4,34,-4,33,-3,31,-2,29,-1,28,-1,27,0,26,1,25,2,24,9,23,10,3,2,1,0,-1,-1,-2,0,-1,-1,1,-1,5,-1,34,-1,34,1,35,-1,36,1,36,4,37,6,38,8,39,10,40,12,40,13,40,14,40,14,41,14,41,15,41,15,41,16,41,16,41,16,40,15,40,14,40,13,41,12,42,11,42,9,43,8,44,8,45,7,46,7]"
CSI_DATA,6,5c:01:3b:6b:b0:95,-48,11,1,7,0,1,1,1,0,0,0,-96,1,11,0,9219732,0,86,1,256,1,"[86,-32,4,0,-20,-17,-20,-16,-19,-15,-19,-14,-19,-14,-19,-13,-19,-12,-18,-11,-18,-11,-19,-10,-19,-9,-19,-9,-19,-9,-18,-9,-19,-8,-18,-9,-18,-9,-17,-9,-16,-9,-16,-9,-15,-9,-14,-8,-14,-8,-13,-9,-12,-9,-3,-3,0,0,0,0,0,0,0,0,0,0,0,0,0,0,0,0,0,0,-5,-3,-17,-11,-17,-12,-17,-13,-17,-14,-17,-15,-16,-16,-16,-17,-15,-18,-15,-19,-15,-19,-15,-20,-15,-20,-15,-20,-15,-20,-15,-20,-15,-19,-16,-19,-16,-18,-16,-18,-17,-18,-18,-18,-18,-18,-18,-17,-19,-17,-20,-17,-20,-18,-11,-12,-34,-35,-34,-35,-33,-35,-32,-33,-31,-32,-31,-31,-31,-29,-31,-28,-32,-26,-32,-24,-33,-22,-34,-21,-34,-20,-34,-20,-33,-20,-33,-19,-32,-19,-32,-19,-30,-19,-29,-20,-28,-20,-26,-19,-25,-19,-24,-19,-22,-19,-21,-19,-16,-22,-15,-23,-3,-5,-1,-2,0,0,0,0,0,0,-2,-1,-6,-4,-30,-21,-29,-23,-30,-24,-29,-26,-28,-29,-27,-31,-27,-33,-26,-35,-25,-37,-25,-38,-24,-39,-24,-40,-24,-40,-24,-41,-24,-41,-23,-41,-23,-41,-24,-40,-24,-39,-25,-38,-25,-38,-26,-38,-27,-38,-29,-37,-30,-36,-32,-36,-33,-36,-34,-36]"
CSI_DATA,7,5c:01:3b:6b:b0:95,-47,11,1,6,0,1,1,1,0,0,0,-96,1,11,0,9271638,0,86,1,256,1,"[86,-32,4,0,-26,2,-25,2,-24,3,-23,3,-23,3,-22,4,-21,4,-20,5,-20,5,-20,6,-19,6,-19,6,-19,7,-18,7,-18,7,-18,7,-18,6,-17,6,-17,5,-16,5,-16,4,-16,3,-15,3,-15,3,-14,2,-4,0,0,0,0,0,0,0,0,0,0,0,0,0,0,0,0,0,0,0,-5,1,-19,5,-20,4,-21,2,-21,1,-22,1,-22,0,-23,0,-23,-1,-24,-2,-24,-3,-24,-3,-25,-3,-24,-4,-24,-4,-24,-4,-24,-3,-24,-2,-24,-2,-24,-1,-24,-1,-24,0,-25,0,-24,1,-25,1,-26,2,-26,2,-15,-2,-48,-5,-47,-5,-46,-5,-44,-4,-43,-4,-42,-3,-41,-2,-40,0,-39,1,-39,3,-38,4,-38,5,-38,5,-38,5,-37,6,-36,5,-36,5,-35,5,-35,4,-33,3,-32,2,-31,1,-30,1,-29,0,-27,-1,-27,-2,-25,-9,-24,-10,-5,-2,-2,-1,0,0,1,-1,0,0,-2,0,-7,0,-35,4,-35,1,-36,3,-37,0,-39,-3,-39,-5,-40,-6,-41,-8,-42,-10,-42,-11,-43,-12,-43,-13,-44,-13,-44,-13,-43,-14,-43,-15,-44,-15,-44,-14,-43,-14,-43,-13,-43,-12,-44,-11,-44,-9,-44,-8,-45,-6,-46,-6,-47,-5,-48,-4]"
CSI_DATA,8,5c:01:3b:6b:b0:95,-47,11,1,6,0,1,1,1,0,0,0,-96,1,11,0,9322003,0,86,1,256,1,"[86,-32,4,0,24,-6,24,-6,23,-6,22,-7,22,-7,21,-7,20,-8,19,-9,18,-9,18,-10,18,-10,17,-10,17,-10,17,-10,17,-10,17,-10,16,-10,16,-9,15,-8,15,-8,15,-7,14,-6,14,-6,13,-6,13,-5,3,-2,0,0,0,0,0,0,0,0,0,0,0,0,0,0,0,0,0,0,4,-2,17,-8,18,-7,19,-6,20,-5,21,-5,22,-4,22,-3,23,-3,23,-2,23,-1,24,-1,24,-1,24,0,24,0,24,-1,24,-1,23,-2,23,-2,23,-2,24,-3,24,-4,24,-4,24,-5,24,-5,25,-6,25,-6,14,-1,47,-4,47,-4,46,-4,44,-4,43,-5,42,-6,40,-6,39,-8,38,-9,37,-11,36,-12,36,-13,36,-13,36,-13,35,-13,35,-13,34,-12,34,-12,33,-11,32,-10,31,-9,29,-8,28,-7,27,-6,26,-5,25,-4,26,3,25,4,4,0,1,0,-1,-1,-2,0,-1,0,1,-1,5,-3,33,-11,34,-9,35,-9,36,-7,38,-5,39,-3,40,-1,42,1,43,2,44,4,44,5,44,5,45,5,45,5,45,6,45,6,45,6,45,6,44,6,44,4,44,3,45,2,45,1,45,0,45,-2,46,-3,48,-3,48,-4]"
CSI_DATA,9,5c:01:3b:6b:b0:95,-43,11,1,4,0,1,1,1,0,0,0,-97,1,11,0,9375882,0,86,1,256,1,"[86,-32,4,0,-20,19,-19,18,-18,18,-17,18,-17,18,-16,17,-15,17,-14,18,-13,18,-13,18,-12,18,-12,17,-12,18,-11,18,-11,18,-11,18,-11,17,-11,16,-11,16,-11,15,-11,13,-11,12,-11,12,-11,11,-11,11,-3,2,0,0,0,0,0,0,0,0,0,0,0,0,0,0,0,0,0,0,-3,4,-12,17,-13,16,-14,16,-16,16,-17,16,-18,16,-19,16,-20,15,-21,15,-22,15,-22,15,-23,14,-22,14,-22,13,-22,14,-22,14,-21,15,-21,15,-20,15,-20,15,-20,16,-20,17,-20,17,-20,18,-20,18,-21,19,-12,10,-39,34,-39,33,-38,32,-37,32,-35,32,-34,32,-32,31,-30,31,-28,32,-27,32,-26,33,-24,33,-24,34,-24,34,-23,33,-23,33,-23,32,-23,31,-23,30,-23,28,-23,27,-23,25,-22,23,-22,22,-22,21,-22,19,-23,17,-23,15,-5,2,-2,0,0,-1,0,-2,0,-1,-1,1,-3,6,-19,33,-21,31,-25,30,-28,29,-31,29,-33,28,-35,28,-37,27,-39,26,-41,25,-42,24,-42,24,-43,25,-44,25,-44,24,-44,24,-44,24,-43,23,-42,24,-41,24,-41,26,-40,27,-40,28,-40,30,-39,31,-39,32,-40,33,-40,34]"
CSI_DATA,10,5c:01:3b:6b:b0:95,-44,11,1,5,0,1,1,1,0,0,0,-97,1,11,0,9427043,0,86,1,256,1,"[86,-32,4,0,12,-9,12,-9,11,-9,11,-9,10,-9,10,-9,9,-9,9,-9,8,-10,8,-10,8,-10,8,-10,8,-10,7,-10,8,-10,8,-9,7,-9,7,-9,7,-8,7,-8,7,-7,7,-7,7,-6,7,-6,6,-6,1,-2,0,0,0,0,0,0,0,0,0,0,0,0,0,0,0,0,0,0,1,-3,8,-9,8,-8,9,-8,10,-8,10,-8,11,-7,11,-7,12,-7,12,-7,12,-7,13,-7,13,-7,13,-6,13,-6,13,-6,13,-6,12,-6,12,-7,12,-7,12,-7,12,-8,12,-8,12,-8,12,-8,12,-9,12,-9,16,-6,52,-21,51,-20,49,-20,48,-20,47,-20,45,-20,43,-21,42,-23,40,-24,38,-25,37,-27,36,-27,36,-28,36,-27,36,-27,36,-26,35,-25,35,-24,34,-24,33,-22,32,-20,31,-18,30,-17,29,-16,29,-14,28,-12,31,-3,31,-1,5,0,1,0,-1,-1,-2,0,-1,0,1,-2,5,-5,34,-23,36,-20,35,-24,37,-22,40,-19,42,-18,44,-16,46,-14,48,-13,49,-12,50,-11,50,-11,51,-11,52,-11,52,-11,52,-10,52,-9,52,-10,51,-10,51,-11,50,-12,50,-13,50,-15,51,-17,50,-18,51,-20,51,-21,52,-22]"
CSI_DATA,11,5c:01:3b:6b:b0:95,-41,11,1,6,0,1,1,1,0,0,0,-97,1,11,0,9469296,0,86,1,256,1,"[86,-32,4,0,2,13,3,12,3,12,3,12,3,11,3,11,3,11,4,10,4,10,4,10,4,9,4,9,4,9,5,9,5,9,5,9,4,9,4,9,4,9,3,8,3,8,2,8,2,8,2,8,1,7,0,1,0,0,0,0,0,0,0,0,0,0,0,0,0,0,0,0,0,0,0,2,3,9,2,9,2,10,2,10,1,11,1,11,0,12,0,12,0,12,-1,12,-1,13,-2,13,-1,12,-1,12,-1,12,-1,12,-1,12,0,12,0,12,1,12,1,12,1,12,1,13,1,13,2,13,2,13,-1,15,1,50,1,50,1,49,2,48,3,47,4,45,5,44,6,42,7,41,8,40,9,39,10,38,11,38,11,38,12,38,11,38,11,37,10,36,9,36,8,35,7,34,6,32,5,31,4,30,2,29,1,29,-7,28,-8,27,-2,4,-1,1,-1,-1,-1,-2,-1,-1,0,1,1,6,6,36,5,36,6,37,3,38,1,39,-1,41,-2,42,-4,44,-6,45,-7,46,-8,46,-9,46,-10,47,-11,47,-11,46,-11,46,-11,46,-11,47,-9,46,-8,46,-7,47,-6,47,-5,48,-4,49,-2,49,-1,50,0,51,0,51]"
CSI_DATA,12,5c:01:3b:6b:b0:95,-41,11,1,6,0,1,1,1,0,0,0,-97,1,11,0,9523035,0,86,1,256,1,"[86,-32,4,0,-3,-14,-4,-13,-4,-13,-4,-12,-4,-12,-4,-12,-4,-12,-4,-11,-5,-11,-5,-10,-5,-10,-6,-10,-6,-10,-6,-10,-6,-10,-5,-10,-5,-10,-5,-10,-4,-10,-4,-9,-4,-9,-3,-9,-3,-9,-3,-9,-2,-9,-1,-2,0,0,0,0,0,0,0,0,0,0,0,0,0,0,0,0,0,0,-1,-3,-4,-10,-4,-10,-4,-11,-4,-11,-3,-12,-3,-12,-2,-13,-2,-13,-1,-13,-1,-13,-1,-14,-1,-14,-1,-14,-1,-14,-1,-13,-1,-13,-1,-13,-2,-13,-2,-13,-2,-13,-2,-13,-3,-13,-3,-13,-3,-14,-3,-14,-3,-15,-1,-17,-4,-53,-4,-52,-5,-51,-5,-49,-5,-47,-6,-46,-7,-45,-8,-45,-10,-43,-11,-42,-12,-41,-13,-41,-14,-41,-14,-41,-14,-40,-13,-39,-13,-39,-12,-39,-11,-38,-10,-37,-8,-36,-7,-34,-6,-33,-6,-32,-4,-31,-3,-31,4,-29,5,-28,1,-5,0,-2,-1,0,0,0,0,0,-2,-2,-3,-6,-14,-34,-11,-36,-11,-38,-9,-40,-7,-41,-5,-43,-4,-44,-2,-45,0,-46,2,-46,3,-47,3,-47,4,-48,4,-49,4,-49,5,-49,5,-49,4,-49,4,-48,3,-48,3,-49,2,-49,1,-50,-1,-50,-2,-50,-4,-51,-4,-52,-5,-53]"
CSI_DATA,13,5c:01:3b:6b:b0:95,-45,11,1,6,0,1,1,1,0,0,0,-97,1,11,0,9574427,0,86,1,256,1,"[86,-32,4,0,-16,2,-16,1,-15,2,-15,2,-15,2,-14,3,-14,3,-13,3,-13,3,-13,4,-13,4,-12,4,-12,4,-12,4,-12,4,-12,4,-12,4,-11,3,-11,3,-11,3,-11,2,-10,2,-10,1,-10,1,-9,1,-3,0,0,0,0,0,0,0,0,0,0,0,0,0,0,0,0,0,0,0,-3,0,-12,3,-12,3,-13,2,-13,1,-14,1,-14,1,-14,0,-15,0,-15,-1,-15,-1,-16,-1,-16,-2,-16,-2,-15,-2,-15,-2,-15,-2,-15,-1,-15,-1,-15,-1,-15,0,-16,0,-16,1,-16,1,-16,1,-16,1,-16,1,-19,-1,-61,1,-61,0,-59,-1,-57,0,-55,1,-54,2,-53,3,-52,5,-50,6,-50,8,-49,10,-48,11,-48,11,-48,11,-47,11,-46,11,-45,10,-45,9,-44,9,-43,7,-41,6,-40,4,-39,4,-38,3,-36,1,-35,0,-34,-7,-32,-8,-6,-2,-2,-1,0,-1,1,-1,0,-1,-3,0,-8,2,-42,11,-43,8,-45,8,-46,5,-48,1,-50,-1,-51,-3,-53,-5,-54,-6,-55,-8,-56,-9,-56,-10,-57,-10,-57,-11,-56,-12,-56,-12,-56,-12,-57,-12,-56,-12,-55,-10,-56,-9,-56,-8,-56,-6,-57,-4,-58,-3,-59,-1,-61,-1,-61,0]"
CSI_DATA,14,5c:01:3b:6b:b0:95,-45,11,1,6,0,1,1,1,0,0,0,-97,1,11,0,9621395,0,86,1,256,1,"[86,-32,4,0,26,0,26,-1,25,-2,24,-2,24,-2,23,-2,22,-3,21,-4,21,-5,20,-6,20,-6,21,-6,20,-7,20,-7,20,-6,20,-6,19,-6,19,-5,18,-4,18,-4,17,-3,17,-3,16,-3,15,-2,15,-2,3,-1,0,0,0,0,0,0,0,0,0,0,0,0,0,0,0,0,0,0,4,-2,19,-4,20,-3,21,-2,22,-1,22,0,23,1,23,1,23,2,24,3,24,4,25,4,25,4,25,5,25,5,24,5,24,4,24,3,24,3,24,3,25,3,25,2,25,1,25,1,26,0,27,0,27,-1,14,3,49,10,48,10,47,9,45,8,44,8,43,7,42,6,42,4,41,2,40,0,40,-1,40,-3,40,-3,40,-3,39,-3,39,-3,38,-2,37,-2,37,-1,35,0,34,1,32,2,31,2,30,3,28,3,27,5,25,13,23,14,3,2,0,0,-1,-1,-2,0,-1,-1,1,-1,6,-1,36,-1,37,1,37,-1,38,2,39,5,39,7,40,9,41,11,42,13,42,15,43,16,43,17,43,17,44,17,43,18,43,18,43,18,43,18,43,17,42,16,43,16,43,15,44,14,45,13,46,11,47,10,48,10,49,9]"
CSI_DATA,15,5c:01:3b:6b:b0:95,-46,11,1,7,0,1,1,1,0,0,0,-97,1,11,0,9672761,0,86,1,256,1,"[86,-32,4,0,25,-10,24,-10,23,-11,23,-11,22,-11,21,-11,20,-11,19,-12,18,-12,18,-13,18,-13,18,-13,17,-14,17,-14,17,-14,17,-13,17,-12,16,-12,16,-11,16,-10,15,-9,15,-8,15,-8,15,-8,15,-7,3,-2,0,0,0,0,0,0,0,0,0,0,0,0,0,0,0,0,0,0,4,-3,17,-12,18,-11,19,-10,20,-10,21,-9,22,-8,22,-8,23,-7,24,-6,24,-6,25,-6,25,-6,25,-5,25,-5,25,-5,25,-6,24,-6,24,-7,24,-7,24,-7,24,-8,24,-8,24,-9,25,-10,26,-10,27,-11,14,-7,48,-21,47,-21,46,-20,45,-20,43,-20,41,-20,40,-20,39,-21,37,-23,36,-25,34,-26,33,-27,33,-27,33,-27,33,-26,33,-26,32,-25,32,-24,32,-23,31,-22,31,-20,30,-18,29,-17,28,-16,27,-15,27,-13,27,-10,27,-8,4,-2,1,-1,-1,0,-1,0,-1,0,1,-2,4,-6,25,-29,27,-27,32,-24,34,-22,36,-20,38,-18,40,-17,42,-16,44,-14,46,-13,47,-12,47,-12,47,-12,48,-12,48,-12,48,-11,48,-10,47,-11,47,-11,47,-12,46,-12,46,-13,47,-14,46,-16,45,-18,46,-20,48,-21,49,-22]"
CSI_DATA,16,5c:01:3b:6b:b0:95,-46,11,1,7,0,1,1,1,0,0,0,-97,1,11,0,9723881,0,86,1,256,1,"[86,-32,4,0,-10,22,-10,21,-9,21,-8,20,-8,20,-7,20,-6,19,-5,19,-5,19,-4,19,-4,19,-4,19,-4,19,-3,19,-3,19,-3,18,-4,18,-4,18,-4,17,-4,16,-5,15,-5,14,-5,14,-6,13,-6,13,-2,3,0,0,0,0,0,0,0,0,0,0,0,0,0,0,0,0,0,0,-1,4,-5,17,-6,18,-7,18,-8,18,-9,18,-10,19,-11,19,-11,19,-12,19,-13,18,-14,19,-14,19,-14,18,-13,18,-13,18,-13,18,-13,19,-12,19,-12,19,-11,19,-11,20,-11,20,-10,20,-11,21,-11,22,-11,23,-8,12,-23,40,-23,40,-22,39,-21,38,-20,37,-18,37,-17,36,-16,35,-14,35,-13,35,-12,36,-11,36,-10,36,-10,36,-10,36,-10,35,-10,34,-10,33,-11,33,-12,31,-12,30,-12,28,-12,27,-12,26,-13,24,-13,23,-17,21,-18,19,-4,3,-2,0,0,-1,0,-2,0,-1,-1,1,-2,5,-8,33,-10,32,-11,33,-14,32,-16,32,-19,32,-21,33,-22,33,-24,33,-26,33,-27,33,-28,32,-29,33,-29,33,-29,33,-29,33,-29,33,-29,33,-28,33,-27,33,-27,34,-26,35,-25,35,-24,36,-23,37,-23,38,-23,39,-23,40]"
CSI_DATA,17,5c:01:3b:6b:b0:95,-46,11,1,7,0,1,1,1,0,0,0,-97,1,11,0,9769357,0,86,1,256,1,"[86,-32,4,0,-29,1,-28,1,-27,2,-26,2,-26,3,-25,3,-24,4,-23,5,-22,5,-22,6,-23,6,-23,7,-22,7,-22,7,-21,7,-21,7,-21,6,-21,6,-20,5,-20,4,-19,3,-19,3,-18,3,-18,2,-17,1,-5,0,0,0,0,0,0,0,0,0,0,0,0,0,0,0,0,0,0,0,-5,1,-21,4,-22,3,-22,2,-23,1,-24,0,-25,0,-25,-1,-26,-2,-26,-3,-26,-3,-26,-4,-27,-4,-27,-5,-27,-5,-27,-5,-26,-4,-26,-3,-26,-3,-26,-2,-27,-2,-27,-1,-27,0,-27,0,-28,0,-29,1,-29,1,-17,-1,-54,0,-53,0,-52,0,-51,0,-49,1,-48,1,-46,2,-46,4,-45,6,-44,8,-43,9,-43,10,-43,10,-43,11,-42,11,-41,10,-41,10,-40,9,-40,8,-39,7,-38,6,-36,4,-35,3,-34,3,-33,2,-32,0,-31,-5,-29,-6,-6,-2,-2,-1,0,-1,0,-1,0,-1,-2,0,-7,2,-36,12,-38,9,-40,7,-41,4,-42,1,-44,-1,-45,-2,-47,-4,-48,-6,-48,-7,-49,-8,-49,-9,-50,-10,-50,-10,-50,-11,-50,-11,-49,-11,-49,-10,-49,-10,-49,-9,-49,-8,-50,-7,-50,-6,-51,-4,-51,-3,-52,-2,-53,-1,-54,-1]"
CSI_DATA,18,5c:01:3b:6b:b0:95,-44,11,1,5,0,1,1,1,0,0,0,-97,1,11,0,9822629,0,86,1,256,1,"[86,-32,4,0,11,25,11,24,11,23,11,22,12,21,12,20,12,19,13,19,13,18,13,18,13,17,14,17,14,17,14,17,14,17,14,17,13,17,12,16,12,16,11,15,10,15,9,14,8,15,7,15,7,14,1,3,0,0,0,0,0,0,0,0,0,0,0,0,0,0,0,0,0,0,2,4,10,17,10,17,10,19,9,20,8,21,8,22,7,22,7,23,6,24,6,24,5,25,5,25,5,25,5,25,5,25,5,25,6,24,6,24,7,24,8,24,9,24,9,24,9,24,10,25,10,25,11,26,3,15,13,50,12,50,12,49,12,47,13,45,13,44,14,42,15,41,17,39,18,38,19,37,20,37,21,36,21,37,20,36,20,35,19,35,18,34,17,34,16,33,14,32,13,31,12,31,11,30,9,29,7,29,0,30,-2,30,-1,5,-1,1,-1,-1,-1,-2,-1,-1,1,1,3,5,17,32,15,34,16,34,14,36,12,38,10,40,8,42,7,43,6,45,4,46,3,46,3,47,3,48,3,48,2,49,2,49,2,48,2,48,3,48,4,47,4,47,6,47,7,48,9,48,10,48,12,49,13,50,13,50]"
CSI_DATA,19,5c:01:3b:6b:b0:95,-45,11,1,7,0,1,1,1,0,0,0,-97,1,11,0,9873995,0,86,1,256,1,"[86,-32,4,0,-12,-23,-12,-23,-12,-21,-12,-20,-12,-20,-13,-19,-13,-19,-13,-18,-13,-17,-14,-17,-14,-16,-15,-16,-15,-16,-14,-16,-14,-16,-14,-16,-14,-16,-13,-16,-12,-15,-12,-15,-11,-15,-10,-14,-10,-14,-9,-14,-8,-14,-2,-4,0,0,0,0,0,0,0,0,0,0,0,0,0,0,0,0,0,0,-3,-4,-11,-16,-11,-17,-11,-18,-10,-19,-10,-20,-9,-20,-8,-21,-8,-22,-7,-22,-7,-23,-7,-24,-7,-24,-7,-24,-7,-24,-7,-23,-7,-23,-7,-23,-8,-23,-8,-23,-9,-23,-10,-23,-10,-23,-11,-22,-11,-23,-12,-23,-12,-24,-5,-15,-18,-46,-17,-46,-16,-45,-16,-44,-16,-42,-17,-41,-17,-39,-18,-38,-20,-36,-21,-35,-22,-34,-23,-33,-24,-33,-24,-33,-23,-32,-23,-32,-22,-32,-21,-31,-20,-31,-19,-31,-17,-31,-16,-30,-16,-29,-15,-28,-13,-28,-12,-27,-5,-28,-3,-28,-1,-5,-1,-2,0,0,0,0,0,0,-2,-2,-4,-6,-18,-30,-17,-31,-18,-32,-16,-34,-15,-36,-13,-38,-12,-39,-11,-41,-9,-42,-8,-43,-7,-43,-7,-44,-7,-45,-7,-45,-7,-45,-6,-46,-6,-45,-7,-45,-7,-45,-8,-44,-9,-44,-10,-45,-11,-45,-12,-45,-14,-45,-16,-45,-17,-46,-17,-46]"
CSI_DATA,20,5c:01:3b:6b:b0:95,-45,11,1,7,0,1,1,1,0,0,0,-97,1,11,0,9921970,0,86,1,256,1,"[86,-32,4,0,22,-13,21,-13,20,-13,19,-13,19,-13,18,-14,17,-14,16,-14,15,-15,15,-15,15,-15,14,-15,14,-16,14,-16,14,-16,14,-15,14,-15,13,-14,13,-14,13,-13,13,-12,13,-11,13,-10,13,-10,13,-9,3,-3,0,0,0,0,0,0,0,0,0,0,0,0,0,0,0,0,0,0,3,-4,14,-13,15,-12,16,-12,17,-11,18,-11,19,-10,20,-10,21,-9,21,-9,22,-9,22,-8,23,-8,22,-8,22,-7,22,-8,22,-8,22,-9,21,-9,21,-10,21,-10,21,-11,21,-11,21,-12,22,-12,23,-13,23,-14,13,-6,45,-20,44,-19,43,-19,41,-19,39,-19,38,-19,37,-20,36,-21,34,-22,33,-23,32,-25,31,-26,31,-26,31,-26,30,-26,30,-25,30,-25,30,-24,30,-23,29,-21,29,-20,28,-18,27,-17,26,-16,26,-15,26,-13,28,-7,28,-6,4,-1,1,-1,-1,0,-1,0,-1,0,1,-2,4,-4,27,-21,29,-19,30,-20,32,-18,34,-16,36,-15,37,-14,39,-12,40,-11,41,-10,43,-10,43,-10,44,-10,44,-10,44,-10,44,-9,44,-9,44,-9,43,-10,43,-10,43,-11,43,-12,43,-14,43,-15,42,-17,43,-18,44,-19,45,-20]"
CSI_DATA,21,5c:01:3b:6b:b0:95,-44,11,1,6,0,1,1,1,0,0,0,-97,1,11,0,9969446,0,86,1,256,1,"[86,-32,4,0,-25,11,-24,11,-23,11,-22,12,-22,12,-21,12,-20,12,-19,13,-18,13,-18,13,-17,14,-17,14,-17,14,-17,14,-17,14,-17,14,-16,13,-16,13,-16,12,-16,11,-16,10,-16,9,-15,9,-15,8,-15,8,-4,1,0,0,0,0,0,0,0,0,0,0,0,0,0,0,0,0,0,0,-4,2,-16,11,-17,11,-18,10,-19,9,-20,9,-21,8,-22,8,-23,8,-23,7,-24,6,-25,6,-25,6,-25,6,-25,5,-24,6,-25,6,-24,7,-24,7,-24,7,-24,8,-24,9,-24,9,-24,10,-24,10,-25,11,-25,12,-16,2,-50,12,-49,11,-48,12,-46,11,-44,12,-43,12,-42,13,-41,14,-40,15,-38,17,-38,18,-37,19,-37,20,-37,20,-36,20,-36,19,-36,18,-35,18,-35,17,-35,15,-34,13,-33,12,-32,11,-31,10,-30,9,-30,8,-31,-1,-30,-2,-6,-1,-2,-1,0,-1,0,-1,0,-1,-2,1,-6,2,-33,14,-34,12,-34,15,-36,12,-37,10,-39,9,-41,7,-42,6,-44,4,-45,3,-45,2,-46,2,-47,2,-47,2,-47,1,-47,1,-47,1,-48,2,-47,2,-46,3,-47,4,-47,5,-47,6,-47,8,-47,9,-48,11,-49,12,-49,12]"
CSI_DATA,22,5c:01:3b:6b:b0:95,-44,11,1,6,0,1,1,1,0,0,0,-97,1,11,0,10019387,0,86,1,256,1,"[86,-32,4,0,-14,7,-13,7,-12,7,-12,7,-12,7,-11,7,-11,7,-10,8,-10,8,-10,8,-10,8,-9,8,-9,8,-9,8,-9,8,-9,8,-9,8,-9,7,-8,7,-9,7,-9,6,-9,6,-8,5,-8,5,-8,4,-2,1,0,0,0,0,0,0,0,0,0,0,0,0,0,0,0,0,0,0,-3,1,-9,6,-9,6,-10,6,-11,6,-11,5,-12,5,-12,5,-12,5,-13,5,-13,4,-14,4,-14,4,-14,3,-14,3,-14,4,-14,4,-13,4,-13,4,-13,5,-13,5,-13,6,-13,6,-13,6,-13,6,-14,7,-14,7,-17,7,-53,25,-52,24,-51,23,-49,24,-47,24,-46,24,-44,24,-43,25,-41,26,-40,27,-38,28,-38,29,-38,30,-37,30,-36,30,-36,30,-36,29,-36,28,-36,27,-35,25,-34,23,-33,21,-33,20,-33,19,-33,17,-32,15,-33,10,-33,8,-6,1,-2,0,0,-1,0,-1,0,-1,-2,1,-6,4,-32,25,-34,23,-35,23,-37,21,-40,19,-42,18,-44,17,-46,16,-48,15,-50,14,-51,13,-51,12,-52,12,-53,11,-53,10,-53,10,-53,11,-53,11,-52,12,-51,13,-51,14,-51,16,-51,17,-51,19,-51,20,-52,21,-53,22,-53,23]"
CSI_DATA,23,5c:01:3b:6b:b0:95,-44,11,1,6,0,1,1,1,0,0,0,-97,1,11,0,10069295,0,86,1,256,1,"[86,-32,4,0,-16,-22,-16,-21,-15,-20,-16,-19,-16,-19,-16,-18,-16,-17,-16,-16,-16,-15,-17,-15,-18,-14,-18,-14,-18,-14,-17,-13,-17,-13,-17,-13,-17,-14,-16,-14,-15,-14,-14,-14,-14,-13,-13,-13,-12,-13,-11,-13,-11,-13,-3,-4,0,0,0,0,0,0,0,0,0,0,0,0,0,0,0,0,0,0,-4,-4,-13,-14,-13,-16,-12,-17,-12,-18,-12,-19,-11,-20,-11,-21,-10,-21,-10,-22,-10,-22,-10,-23,-10,-24,-10,-24,-10,-23,-10,-23,-10,-23,-10,-22,-11,-22,-12,-22,-12,-22,-13,-22,-13,-22,-14,-21,-15,-22,-15,-23,-16,-23,-6,-15,-19,-46,-19,-45,-18,-44,-17,-43,-18,-41,-19,-40,-19,-39,-20,-38,-21,-36,-22,-35,-23,-34,-24,-33,-25,-33,-25,-33,-24,-32,-24,-32,-24,-31,-23,-31,-22,-31,-21,-30,-19,-30,-18,-29,-17,-29,-16,-28,-14,-28,-12,-27,-3,-30,-1,-30,0,-6,0,-2,-1,0,0,0,0,0,-2,-2,-3,-6,-16,-32,-14,-33,-18,-32,-16,-34,-15,-36,-13,-37,-12,-39,-11,-41,-10,-42,-9,-43,-8,-43,-8,-44,-8,-45,-8,-45,-7,-45,-7,-46,-7,-46,-8,-46,-8,-45,-9,-44,-10,-45,-11,-45,-12,-45,-13,-45,-15,-44,-16,-45,-17,-46,-18,-46]"
CSI_DATA,24,5c:01:3b:6b:b0:95,-44,11,1,6,0,1,1,1,0,0,0,-97,1,11,0,10119458,0,86,1,256,1,"[86,-32,4,0,-10,-25,-10,-24,-10,-23,-10,-22,-11,-21,-10,-21,-11,-20,-11,-19,-12,-19,-12,-18,-13,-18,-13,-17,-13,-17,-13,-18,-13,-18,-13,-17,-12,-18,-11,-18,-10,-17,-9,-17,-9,-16,-8,-16,-8,-15,-7,-15,-6,-15,-2,-4,0,0,0,0,0,0,0,0,0,0,0,0,0,0,0,0,0,0,-3,-4,-11,-16,-10,-17,-10,-18,-10,-19,-9,-20,-8,-21,-7,-22,-6,-23,-6,-23,-6,-23,-6,-24,-6,-24,-6,-24,-5,-24,-5,-24,-5,-24,-6,-24,-6,-23,-7,-24,-7,-24,-8,-24,-8,-24,-9,-23,-10,-24,-10,-25,-10,-25,-3,-15,-11,-48,-10,-48,-10,-47,-10,-46,-10,-44,-11,-43,-12,-42,-13,-41,-14,-40,-15,-39,-16,-38,-17,-37,-18,-37,-18,-37,-17,-36,-17,-36,-16,-36,-16,-35,-14,-35,-13,-34,-12,-34,-11,-33,-10,-32,-9,-31,-7,-30,-5,-30,2,-29,4,-29,0,-6,0,-2,-1,0,0,0,0,0,-1,-2,-3,-6,-14,-32,-12,-33,-15,-33,-13,-35,-11,-37,-9,-39,-8,-40,-6,-42,-5,-43,-4,-44,-3,-44,-2,-45,-2,-45,-1,-46,-1,-46,0,-46,0,-46,-1,-46,-2,-46,-2,-45,-3,-46,-4,-46,-5,-46,-7,-46,-8,-47,-9,-47,-10,-48,-10,-48]"
CSI_DATA,25,5c:01:3b:6b:b0:95,-44,11,1,6,0,1,1,1,0,0,0,-97,1,11,0,10169321,0,86,1,256,1,"[86,-32,4,0,14,22,14,21,14,20,14,19,14,18,14,18,14,16,14,16,14,15,15,15,15,14,15,14,15,14,15,14,15,14,15,14,14,14,14,14,13,14,12,14,11,13,11,13,10,13,9,13,8,13,2,3,0,0,0,0,0,0,0,0,0,0,0,0,0,0,0,0,0,0,3,3,13,13,13,14,12,15,12,16,12,17,11,18,11,19,10,20,10,21,9,22,9,22,9,23,9,23,9,22,9,22,9,22,9,21,10,21,11,21,12,21,12,21,13,21,13,21,13,21,14,23,14,23,5,14,20,45,19,44,18,43,18,42,18,40,19,40,19,38,20,36,20,34,21,33,22,32,23,32,24,32,24,32,24,31,23,31,23,30,22,30,21,30,19,30,18,29,16,28,15,28,14,28,12,28,10,27,3,29,1,29,0,5,-1,1,-1,-1,-1,-1,-1,-1,1,1,3,4,20,28,18,30,20,29,18,31,17,33,16,35,15,37,14,39,13,40,11,41,11,42,10,43,10,44,9,44,9,45,8,45,9,44,9,44,10,43,10,43,11,43,12,43,14,43,15,44,16,43,18,44,18,45,19,45]"
CSI_DATA,26,5c:01:3b:6b:b0:95,-44,11,1,6,0,1,1,1,0,0,0,-97,1,11,0,10221042,0,86,1,256,1,"[86,-32,4,0,25,4,25,4,24,3,23,2,23,2,23,1,22,1,21,0,21,-1,21,-2,21,-2,21,-2,21,-3,20,-3,20,-3,20,-2,20,-2,19,-1,18,-1,18,0,18,0,17,1,16,1,15,1,15,2,3,0,0,0,0,0,0,0,0,0,0,0,0,0,0,0,0,0,0,0,4,-1,18,-1,19,0,20,1,20,2,21,3,21,4,21,5,21,6,22,7,22,7,22,7,23,8,23,8,22,8,22,8,22,8,22,7,22,7,22,6,23,6,23,6,24,5,24,4,24,4,25,4,26,4,14,4,47,13,46,13,45,13,44,12,43,11,42,11,41,9,41,8,40,6,40,4,40,2,40,1,40,1,40,1,39,1,39,1,38,1,38,2,37,3,36,3,34,4,32,5,31,5,30,5,29,6,27,7,25,13,24,14,4,2,1,0,-1,-1,-2,0,-1,-1,1,-1,5,-1,33,0,34,2,35,2,36,5,37,8,37,10,38,12,39,14,39,16,39,18,39,19,39,19,40,19,40,20,40,21,40,21,40,21,40,21,40,20,40,19,40,19,41,18,42,17,43,16,43,14,45,14,47,13,47,13]"
CSI_DATA,27,5c:01:3b:6b:b0:95,-44,11,1,6,0,1,1,1,0,0,0,-97,1,11,0,10277293,0,86,1,256,1,"[86,-32,4,0,-12,23,-11,23,-11,22,-10,21,-10,21,-9,21,-8,20,-7,20,-7,21,-6,20,-5,20,-5,20,-5,21,-5,21,-5,21,-5,20,-5,20,-6,19,-6,19,-6,18,-7,16,-7,15,-7,15,-7,15,-8,14,-2,3,0,0,0,0,0,0,0,0,0,0,0,0,0,0,0,0,0,0,-2,4,-5,18,-6,18,-7,19,-8,19,-10,19,-11,19,-12,19,-13,19,-14,19,-14,19,-15,20,-15,20,-15,19,-15,19,-15,19,-15,19,-14,19,-14,19,-13,20,-13,20,-13,20,-13,21,-12,21,-12,22,-12,23,-13,24,-9,13,-26,43,-26,42,-25,41,-24,41,-23,40,-22,39,-20,38,-19,38,-17,38,-16,38,-14,39,-13,39,-12,39,-12,39,-12,39,-12,38,-13,37,-13,36,-14,35,-15,34,-15,32,-15,30,-15,29,-15,28,-16,27,-17,25,-20,23,-21,21,-4,3,-2,1,0,-1,0,-2,0,-1,-1,1,-1,6,-6,34,-8,34,-12,34,-15,34,-18,34,-20,34,-22,34,-24,34,-26,34,-28,34,-29,34,-30,34,-30,35,-31,35,-31,35,-31,35,-32,35,-32,35,-31,34,-30,35,-29,36,-29,36,-28,37,-27,39,-26,40,-26,41,-25,42,-26,42]"
CSI_DATA,28,5c:01:3b:6b:b0:95,-44,11,1,6,0,1,1,1,0,0,0,-97,1,11,0,10331166,0,86,1,256,1,"[86,-32,4,0,21,-16,20,-16,19,-16,18,-16,18,-16,17,-16,16,-16,15,-17,15,-17,14,-17,14,-17,14,-17,14,-17,13,-17,13,-17,13,-17,13,-17,13,-16,13,-15,13,-14,13,-13,13,-12,13,-11,13,-11,13,-10,3,-3,0,0,0,0,0,0,0,0,0,0,0,0,0,0,0,0,0,0,3,-4,13,-15,13,-15,15,-14,16,-14,17,-14,18,-13,18,-13,19,-13,20,-12,21,-12,22,-12,22,-11,22,-11,22,-11,22,-11,22,-12,21,-12,20,-12,21,-12,20,-13,20,-14,20,-14,20,-15,21,-15,22,-16,22,-17,13,-7,44,-23,43,-22,42,-21,41,-21,40,-21,38,-22,37,-22,36,-23,34,-24,33,-25,32,-26,31,-27,31,-27,31,-27,31,-26,30,-26,30,-25,30,-25,31,-24,30,-22,29,-21,28,-19,27,-18,27,-17,27,-15,27,-14,30,-6,29,-4,5,-1,1,-1,-1,0,-1,0,-1,0,1,-2,4,-4,27,-21,29,-19,29,-22,31,-21,33,-19,35,-18,37,-17,38,-16,40,-14,41,-14,42,-13,43,-13,44,-13,44,-13,44,-12,44,-12,44,-12,44,-12,43,-12,43,-13,43,-14,43,-15,43,-16,43,-18,42,-20,43,-21,44,-22,45,-22]"
CSI_DATA,29,5c:01:3b:6b:b0:95,-44,11,1,6,0,1,1,1,0,0,0,-97,1,11,0,10371179,0,86,1,256,1,"[86,-32,4,0,6,-26,6,-26,5,-25,4,-25,4,-24,3,-24,2,-23,1,-23,1,-23,1,-23,0,-23,-1,-22,-1,-22,-1,-23,-1,-23,-1,-23,-1,-22,0,-22,0,-21,0,-21,1,-19,2,-18,2,-18,3,-18,3,-17,1,-5,0,0,0,0,0,0,0,0,0,0,0,0,0,0,0,0,0,0,0,-5,2,-20,3,-21,4,-21,5,-21,6,-22,7,-22,7,-23,8,-23,9,-23,10,-23,11,-23,12,-23,12,-23,11,-22,11,-22,10,-23,10,-23,9,-23,9,-23,8,-24,7,-24,7,-25,7,-25,8,-25,8,-26,8,-27,4,-16,14,-50,14,-49,14,-48,13,-47,12,-46,10,-45,9,-44,8,-44,6,-43,4,-43,3,-43,1,-43,0,-44,0,-43,0,-43,1,-42,2,-42,2,-41,3,-40,4,-39,5,-37,5,-36,5,-35,6,-34,7,-32,8,-31,12,-29,13,-28,2,-5,0,-2,-1,0,-1,1,-1,0,-1,-2,-1,-7,-1,-36,2,-36,5,-38,8,-38,10,-39,12,-40,14,-40,16,-40,18,-41,20,-41,21,-41,22,-41,23,-42,23,-43,23,-42,23,-42,23,-42,23,-42,22,-42,21,-42,20,-43,19,-44,19,-45,17,-46,16,-47,15,-48,15,-49,15,-49]"
CSI_DATA,30,5c:01:3b:6b:b0:95,-44,11,1,6,0,1,1,1,0,0,0,-97,1,11,0,10421165,0,86,1,256,1,"[86,-32,4,0,14,-23,14,-22,13,-22,12,-22,11,-22,10,-21,9,-21,8,-21,8,-21,7,-21,7,-21,6,-21,6,-21,6,-22,6,-22,6,-21,6,-21,6,-21,6,-20,6,-19,7,-18,7,-16,7,-16,8,-16,8,-15,2,-4,0,0,0,0,0,0,0,0,0,0,0,0,0,0,0,0,0,0,1,-5,8,-18,9,-18,10,-18,11,-18,12,-18,13,-19,14,-19,15,-18,16,-18,17,-18,17,-18,18,-18,18,-18,17,-17,17,-18,17,-18,16,-18,16,-19,16,-19,15,-20,15,-20,15,-20,14,-21,15,-21,15,-22,15,-24,10,-12,34,-38,33,-37,32,-36,31,-35,30,-35,28,-35,27,-35,25,-35,24,-36,22,-36,20,-37,19,-38,18,-38,18,-38,18,-37,18,-37,18,-36,19,-35,19,-34,19,-33,19,-31,18,-30,18,-28,18,-27,19,-26,19,-24,25,-18,26,-17,4,-3,1,-1,-1,0,-1,0,-1,0,0,-2,3,-6,19,-31,21,-29,20,-31,23,-30,26,-30,28,-29,30,-28,32,-28,34,-27,35,-26,36,-26,37,-27,37,-28,38,-28,38,-28,38,-27,38,-27,38,-27,37,-27,36,-27,36,-29,36,-30,35,-31,34,-33,33,-34,33,-35,33,-37,34,-38]"
CSI_DATA,31,5c:01:3b:6b:b0:95,-43,11,1,5,0,1,1,1,0,0,0,-97,1,11,0,10472521,0,86,1,256,1,"[86,-32,4,0,-22,14,-21,14,-20,14,-19,14,-19,14,-18,14,-18,14,-16,15,-16,15,-15,16,-15,16,-14,16,-14,16,-14,16,-14,17,-14,16,-14,16,-14,15,-14,14,-14,13,-14,12,-14,11,-14,11,-13,10,-14,10,-4,2,0,0,0,0,0,0,0,0,0,0,0,0,0,0,0,0,0,0,-4,3,-14,13,-15,13,-16,12,-17,12,-18,11,-19,11,-20,11,-21,11,-22,10,-22,10,-23,10,-23,10,-23,9,-23,9,-23,9,-23,9,-22,10,-22,10,-22,11,-22,11,-22,12,-22,12,-21,13,-22,13,-22,14,-22,15,-14,5,-45,20,-45,20,-44,20,-42,20,-41,20,-39,20,-38,20,-37,21,-36,22,-34,24,-33,25,-32,26,-32,26,-32,26,-32,26,-32,26,-31,25,-31,24,-31,23,-31,21,-30,20,-29,18,-29,17,-28,16,-28,15,-28,13,-31,6,-30,4,-6,0,-2,0,0,-1,0,-1,0,-1,-2,1,-5,3,-29,20,-30,18,-30,20,-32,18,-34,16,-36,15,-38,14,-40,13,-42,12,-43,11,-44,11,-44,10,-45,10,-45,10,-46,10,-46,10,-45,9,-45,10,-45,11,-44,11,-44,12,-44,13,-44,14,-44,16,-44,17,-44,19,-45,20,-45,20]"
CSI_DATA,32,5c:01:3b:6b:b0:95,-44,11,1,6,0,1,1,1,0,0,0,-97,1,11,0,10524601,0,86,1,256,1,"[86,-32,4,0,-21,18,-20,18,-19,18,-18,17,-18,17,-17,17,-16,17,-15,18,-14,18,-14,18,-13,18,-13,18,-13,18,-13,19,-13,19,-13,18,-13,18,-13,18,-13,17,-13,16,-13,14,-13,13,-13,13,-13,12,-13,12,-4,2,0,0,0,0,0,0,0,0,0,0,0,0,0,0,0,0,0,0,-3,4,-13,16,-14,15,-15,15,-16,15,-17,14,-18,14,-19,14,-20,14,-21,13,-22,13,-23,13,-23,13,-23,12,-22,12,-22,12,-22,13,-22,13,-21,14,-21,14,-21,15,-21,15,-21,16,-20,16,-21,17,-21,18,-21,18,-14,9,-42,32,-42,31,-41,30,-39,30,-38,30,-36,30,-35,30,-33,31,-32,31,-30,32,-28,33,-27,34,-27,35,-27,34,-27,34,-27,33,-27,32,-27,32,-27,31,-27,29,-27,27,-26,26,-26,24,-26,23,-26,22,-26,20,-29,16,-29,15,-6,2,-2,0,0,-1,0,-2,0,-1,-1,1,-4,5,-23,29,-25,27,-27,27,-29,26,-32,24,-34,23,-37,23,-39,22,-40,21,-42,20,-43,20,-43,20,-44,21,-45,21,-45,20,-45,20,-45,20,-45,20,-45,20,-44,21,-43,22,-43,23,-42,25,-42,26,-41,28,-42,29,-42,31,-42,31]"
CSI_DATA,33,5c:01:3b:6b:b0:95,-43,11,1,5,0,1,1,1,0,0,0,-97,1,11,0,10576307,0,86,1,256,1,"[86,-32,4,0,-23,-16,-23,-16,-22,-15,-22,-14,-22,-13,-22,-12,-21,-12,-21,-11,-21,-10,-22,-9,-22,-8,-22,-8,-22,-8,-22,-8,-22,-8,-22,-8,-21,-8,-20,-9,-19,-9,-19,-9,-18,-9,-17,-9,-16,-9,-15,-9,-15,-10,-4,-3,0,0,0,0,0,0,0,0,0,0,0,0,0,0,0,0,0,0,-5,-3,-18,-9,-18,-10,-18,-12,-18,-13,-18,-14,-18,-15,-18,-16,-17,-17,-17,-18,-17,-18,-18,-19,-18,-19,-18,-19,-18,-19,-17,-19,-18,-19,-18,-18,-18,-18,-19,-18,-19,-17,-20,-17,-21,-17,-21,-16,-22,-16,-23,-17,-22,-17,-12,-12,-38,-36,-37,-36,-37,-36,-36,-34,-35,-33,-35,-31,-35,-30,-35,-28,-36,-26,-37,-24,-38,-23,-39,-21,-39,-21,-39,-21,-38,-21,-38,-21,-37,-20,-36,-21,-35,-21,-33,-21,-32,-21,-30,-21,-29,-21,-28,-21,-26,-21,-24,-22,-18,-27,-15,-27,-3,-5,-1,-2,0,0,0,0,0,0,-2,-1,-6,-4,-30,-20,-29,-23,-31,-22,-30,-25,-29,-28,-28,-30,-28,-32,-28,-34,-27,-36,-27,-37,-27,-38,-27,-39,-27,-40,-28,-40,-27,-40,-26,-40,-26,-40,-27,-40,-27,-40,-28,-39,-28,-38,-29,-38,-30,-38,-33,-37,-34,-36,-36,-36,-37,-36,-37,-36]"
CSI_DATA,34,5c:01:3b:6b:b0:95,-40,11,1,6,0,1,1,1,0,0,0,-97,1,11,0,10619384,0,86,1,256,1,"[86,-32,4,0,12,5,12,5,11,4,11,4,11,4,11,3,11,3,11,2,10,2,11,2,11,1,11,1,11,1,11,1,11,1,11,2,11,2,10,2,9,2,9,2,9,2,8,2,8,3,7,3,7,3,1,0,0,0,0,0,0,0,0,0,0,0,0,0,0,0,0,0,0,0,2,0,9,1,9,2,9,3,10,3,10,4,10,4,10,5,10,5,10,6,10,6,10,7,10,7,10,7,10,7,10,7,10,6,10,6,10,6,10,6,10,6,11,6,11,5,11,5,12,5,12,5,12,5,13,8,44,26,43,26,41,25,40,24,40,23,40,21,40,20,40,18,39,16,39,14,39,13,39,12,40,13,40,13,39,13,39,13,39,13,38,13,37,13,35,14,34,14,32,14,31,15,29,16,27,16,26,17,21,23,20,24,3,4,0,1,-1,-1,-2,-1,-1,-1,1,0,5,1,34,9,33,11,33,11,34,14,34,17,34,19,34,22,34,24,34,26,34,27,34,28,34,29,34,30,34,31,34,31,34,31,34,31,34,31,34,30,33,29,35,29,36,29,37,28,38,27,40,26,42,26,43,26,43,25]"
CSI_DATA,35,5c:01:3b:6b:b0:95,-40,11,1,6,0,1,1,1,0,0,0,-97,1,11,0,10670263,0,86,1,256,1,"[86,-32,4,0,-14,-4,-14,-4,-13,-3,-13,-3,-13,-3,-13,-3,-12,-3,-12,-2,-12,-2,-12,-1,-12,-1,-12,0,-12,0,-12,0,-12,0,-12,-1,-11,-1,-11,-1,-11,-1,-11,-2,-10,-2,-10,-2,-10,-2,-9,-2,-9,-3,-3,-1,0,0,0,0,0,0,0,0,0,0,0,0,0,0,0,0,0,0,-3,-1,-10,-2,-10,-2,-11,-3,-11,-4,-11,-4,-11,-4,-11,-5,-11,-5,-11,-6,-11,-6,-12,-7,-12,-7,-12,-7,-11,-7,-11,-7,-12,-6,-12,-6,-12,-6,-12,-6,-12,-5,-12,-5,-13,-5,-13,-5,-13,-5,-13,-5,-13,-5,-16,-6,-49,-18,-49,-18,-48,-18,-47,-17,-46,-16,-46,-15,-45,-14,-45,-13,-45,-11,-44,-9,-44,-7,-44,-5,-45,-4,-45,-4,-44,-4,-43,-4,-43,-4,-42,-5,-41,-6,-40,-8,-38,-9,-37,-10,-36,-9,-35,-10,-33,-11,-32,-12,-29,-15,-27,-16,-5,-4,-2,-2,0,0,0,-1,0,0,-2,0,-7,-1,-36,-2,-36,-4,-37,-7,-38,-10,-38,-13,-39,-16,-40,-17,-40,-19,-40,-21,-40,-23,-40,-24,-41,-25,-42,-26,-42,-26,-41,-26,-41,-27,-41,-27,-42,-27,-42,-26,-42,-25,-42,-24,-43,-23,-44,-23,-45,-22,-47,-20,-48,-20,-48,-20,-48,-20]"
CSI_DATA,36,5c:01:3b:6b:b0:95,-43,11,1,6,0,1,1,1,0,0,0,-97,1,11,0,10719376,0,86,1,256,1,"[86,-32,4,0,-4,-26,-4,-25,-4,-24,-5,-24,-5,-23,-5,-22,-6,-22,-7,-21,-7,-21,-8,-20,-9,-20,-9,-20,-9,-20,-8,-20,-8,-20,-8,-20,-8,-20,-7,-20,-7,-19,-6,-19,-6,-18,-5,-17,-4,-17,-4,-17,-3,-17,-1,-5,0,0,0,0,0,0,0,0,0,0,0,0,0,0,0,0,0,0,-2,-5,-5,-18,-5,-19,-4,-20,-3,-21,-2,-21,-1,-22,-1,-23,0,-23,1,-23,1,-23,1,-24,1,-25,1,-24,1,-24,1,-24,1,-24,1,-24,0,-24,0,-24,-1,-24,-2,-24,-2,-24,-3,-24,-3,-25,-3,-26,-3,-27,1,-15,3,-47,3,-47,4,-46,4,-45,3,-44,2,-43,1,-42,-1,-41,-2,-40,-4,-40,-5,-40,-6,-39,-7,-40,-7,-40,-7,-39,-7,-38,-6,-38,-5,-37,-4,-37,-3,-36,-3,-35,-2,-34,-1,-33,-1,-32,1,-31,2,-30,12,-28,13,-27,2,-5,0,-2,-1,0,-1,0,-1,0,-1,-2,-1,-6,0,-34,2,-34,-2,-35,1,-35,3,-36,4,-37,6,-38,7,-39,9,-39,10,-40,12,-40,12,-40,13,-41,13,-42,14,-42,14,-42,14,-42,13,-42,13,-42,12,-42,11,-43,10,-43,9,-44,8,-44,6,-44,5,-46,5,-47,4,-47]"
CSI_DATA,37,5c:01:3b:6b:b0:95,-43,11,1,6,0,1,1,1,0,0,0,-97,1,11,0,10769428,0,86,1,256,1,"[86,-32,4,0,-13,9,-13,9,-12,9,-12,9,-12,9,-11,9,-11,9,-10,9,-9,9,-9,10,-9,10,-9,10,-9,10,-9,10,-9,10,-9,10,-9,10,-9,9,-9,9,-9,8,-9,8,-9,7,-8,7,-8,6,-8,6,-2,1,0,0,0,0,0,0,0,0,0,0,0,0,0,0,0,0,0,0,-2,2,-8,8,-9,8,-10,8,-11,7,-11,7,-12,7,-12,7,-13,7,-13,6,-14,6,-14,6,-14,6,-14,6,-14,6,-14,6,-14,6,-13,6,-13,7,-13,7,-13,7,-14,8,-13,8,-13,8,-13,9,-14,9,-14,9,-17,8,-54,30,-54,29,-52,29,-51,28,-49,28,-47,28,-46,28,-44,29,-42,31,-40,32,-39,33,-38,34,-38,35,-38,35,-37,35,-37,34,-37,34,-37,33,-37,31,-37,29,-36,26,-35,25,-35,24,-34,23,-34,21,-34,18,-37,11,-37,8,-7,1,-3,0,0,-1,0,-2,0,-1,-2,1,-6,5,-31,29,-33,27,-34,28,-37,26,-41,24,-43,22,-45,21,-48,20,-50,19,-52,18,-53,17,-53,17,-54,18,-54,18,-55,17,-55,16,-55,16,-56,16,-55,17,-54,17,-54,18,-53,20,-53,21,-53,23,-52,25,-53,28,-53,29,-53,30]"
CSI_DATA,38,5c:01:3b:6b:b0:95,-43,11,1,6,0,1,1,1,0,0,0,-97,1,11,0,10819327,0,86,1,256,1,"[86,-32,4,0,4,-25,3,-25,3,-24,2,-24,2,-24,1,-23,1,-22,0,-22,-1,-22,-1,-22,-2,-21,-2,-21,-2,-21,-2,-21,-2,-22,-2,-22,-2,-21,-1,-21,-1,-20,0,-20,0,-19,1,-18,1,-17,2,-17,2,-17,0,-4,0,0,0,0,0,0,0,0,0,0,0,0,0,0,0,0,0,0,-1,-5,-1,-19,0,-19,1,-20,2,-20,3,-21,4,-22,5,-22,6,-22,6,-22,7,-23,8,-23,8,-23,8,-23,8,-22,8,-22,7,-22,7,-22,6,-23,6,-23,6,-23,5,-24,5,-24,4,-24,4,-25,4,-26,4,-26,-1,-15,0,-49,0,-48,0,-47,0,-47,-1,-46,-2,-45,-3,-44,-4,-43,-5,-42,-6,-41,-8,-40,-9,-40,-10,-40,-10,-40,-10,-39,-10,-39,-9,-39,-8,-39,-7,-39,-5,-38,-4,-37,-4,-35,-3,-34,-2,-33,-1,-32,1,-31,-1,-31,1,-31,0,-6,0,-2,-1,0,0,0,0,0,-2,-2,-4,-6,-17,-30,-15,-31,-6,-34,-4,-36,-2,-38,0,-39,1,-40,3,-41,5,-42,6,-42,7,-43,8,-43,9,-44,9,-44,9,-44,9,-44,9,-44,9,-44,8,-44,8,-44,7,-45,6,-45,5,-46,4,-47,2,-47,2,-47,2,-47,2,-48]"
CSI_DATA,39,5c:01:3b:6b:b0:95,-41,11,1,7,0,1,1,1,0,0,0,-97,1,11,0,10869479,0,86,1,256,1,"[86,-32,4,0,-14,0,-14,0,-14,1,-13,1,-13,1,-13,1,-12,2,-12,2,-12,2,-12,3,-12,3,-12,3,-12,3,-12,3,-12,3,-12,3,-11,3,-11,3,-11,2,-11,2,-10,2,-10,1,-10,1,-10,1,-9,0,-3,0,0,0,0,0,0,0,0,0,0,0,0,0,0,0,0,0,0,0,-3,0,-10,1,-11,1,-11,0,-12,0,-12,-1,-12,-1,-12,-1,-13,-2,-13,-2,-13,-3,-13,-3,-13,-3,-13,-3,-13,-3,-13,-3,-13,-3,-13,-3,-13,-2,-13,-2,-13,-2,-14,-1,-14,-1,-14,0,-14,0,-15,0,-15,0,-17,-1,-55,-1,-54,-2,-53,-2,-52,-1,-50,-1,-49,0,-47,1,-46,3,-46,4,-45,6,-45,8,-45,9,-45,10,-44,10,-44,10,-43,10,-43,9,-42,9,-41,8,-41,7,-41,5,-39,4,-38,3,-37,3,-35,2,-34,0,-32,-5,-31,-7,-6,-2,-2,-1,0,-1,0,-1,0,-1,-2,0,-7,1,-37,7,-37,5,-38,4,-40,1,-41,-2,-43,-4,-44,-6,-45,-8,-46,-9,-47,-11,-47,-12,-47,-12,-48,-12,-48,-13,-48,-13,-48,-14,-48,-14,-49,-13,-48,-13,-48,-11,-49,-10,-49,-9,-50,-8,-50,-6,-51,-4,-52,-3,-54,-3,-55,-2]"
CSI_DATA,40,5c:01:3b:6b:b0:95,-43,11,1,6,0,1,1,1,0,0,0,-97,1,11,0,10920868,0,86,1,256,1,"[86,-32,4,0,3,-16,2,-16,2,-15,2,-15,1,-15,1,-14,1,-14,0,-14,0,-14,-1,-14,-1,-14,-1,-14,-1,-14,-1,-14,-1,-14,-1,-14,-1,-13,-1,-13,0,-13,0,-12,0,-12,1,-11,1,-11,1,-11,1,-11,0,-3,0,0,0,0,0,0,0,0,0,0,0,0,0,0,0,0,0,0,0,-3,0,-12,0,-12,1,-13,1,-13,2,-13,3,-13,4,-14,4,-14,5,-14,5,-14,5,-14,5,-14,5,-14,5,-14,5,-14,5,-14,5,-14,4,-14,4,-14,4,-14,4,-15,4,-15,3,-15,3,-15,3,-16,3,-17,3,-9,11,-28,11,-28,11,-27,11,-26,10,-26,9,-25,8,-25,8,-25,6,-25,5,-25,4,-25,3,-25,3,-26,3,-26,3,-25,4,-25,4,-24,4,-24,5,-23,5,-23,5,-22,5,-21,5,-20,6,-20,6,-19,7,-18,12,-15,13,-14,2,-3,0,-1,-1,0,-1,0,-1,0,0,-2,0,-4,5,-21,6,-21,5,-22,6,-22,8,-22,9,-22,10,-22,12,-22,13,-22,14,-22,14,-22,15,-22,15,-23,15,-23,15,-23,16,-23,16,-23,16,-23,15,-23,14,-23,14,-23,14,-24,13,-25,13,-25,12,-26,11,-27,11,-28,11,-28]"
CSI_DATA,41,5c:01:3b:6b:b0:95,-44,11,1,7,0,1,1,1,0,0,0,-97,1,11,0,10969505,0,86,1,256,1,"[86,-32,4,0,-26,-4,-26,-4,-25,-3,-24,-2,-24,-2,-24,-1,-23,-1,-22,0,-22,1,-22,1,-22,2,-22,2,-22,2,-21,3,-21,3,-21,2,-21,2,-20,2,-20,1,-19,1,-19,0,-19,-1,-18,-1,-17,-1,-16,-2,-4,-1,0,0,0,0,0,0,0,0,0,0,0,0,0,0,0,0,0,0,-5,0,-19,0,-19,-1,-20,-3,-21,-4,-21,-4,-22,-5,-22,-6,-22,-6,-22,-7,-23,-8,-23,-9,-23,-9,-23,-9,-22,-9,-23,-9,-23,-8,-23,-8,-23,-7,-23,-7,-23,-6,-24,-6,-25,-5,-25,-5,-26,-5,-26,-5,-26,-4,-16,-2,-50,-4,-50,-5,-49,-5,-47,-4,-46,-3,-45,-2,-44,-2,-44,0,-43,2,-42,4,-42,5,-41,7,-41,7,-41,7,-41,7,-40,7,-40,7,-39,6,-39,5,-38,4,-37,3,-36,1,-35,1,-34,0,-32,-1,-31,-2,-31,-3,-30,-5,-6,-1,-2,-1,0,-1,0,-1,0,-1,-2,0,-6,1,-33,9,-34,7,-36,2,-37,-1,-38,-3,-39,-5,-41,-7,-41,-9,-42,-10,-43,-12,-43,-13,-44,-14,-44,-14,-44,-15,-44,-15,-44,-15,-44,-15,-44,-14,-44,-13,-44,-13,-44,-12,-45,-11,-46,-10,-46,-9,-47,-7,-48,-6,-49,-6,-50,-6]"
CSI_DATA,42,5c:01:3b:6b:b0:95,-44,11,1,7,0,1,1,1,0,0,0,-97,1,11,0,11020286,0,86,1,256,1,"[86,-32,4,0,-25,9,-24,9,-23,9,-22,9,-22,9,-22,9,-21,10,-20,10,-19,11,-18,12,-18,12,-18,12,-18,12,-17,12,-18,12,-18,12,-17,12,-17,11,-17,10,-17,9,-17,8,-16,8,-16,7,-16,7,-16,6,-4,1,0,0,0,0,0,0,0,0,0,0,0,0,0,0,0,0,0,0,-5,2,-17,9,-18,8,-19,7,-20,7,-20,6,-21,6,-22,6,-23,5,-23,4,-24,4,-24,4,-24,3,-24,3,-24,3,-24,3,-24,4,-24,4,-23,5,-24,5,-24,5,-24,6,-24,7,-24,7,-24,8,-25,8,-25,9,-16,3,-49,12,-49,11,-48,11,-46,11,-44,11,-43,12,-42,12,-41,13,-40,15,-38,16,-37,18,-37,19,-37,19,-37,19,-36,19,-36,19,-36,18,-36,18,-35,16,-35,15,-34,13,-33,12,-32,11,-32,10,-31,9,-31,7,-31,1,-31,-1,-6,-1,-2,-1,0,-1,0,-1,0,-1,-2,1,-6,3,-30,17,-32,15,-33,14,-35,12,-37,10,-39,9,-40,7,-41,6,-43,4,-44,3,-45,2,-46,2,-46,2,-46,2,-46,2,-46,1,-46,1,-46,2,-46,2,-45,3,-45,4,-46,5,-46,6,-46,7,-46,9,-47,10,-48,11,-49,12]"
CSI_DATA,43,5c:01:3b:6b:b0:95,-43,11,1,6,0,1,1,1,0,0,0,-97,1,11,0,11073836,0,86,1,256,1,"[86,-32,4,0,-26,5,-25,5,-24,6,-23,6,-23,6,-22,6,-22,7,-21,7,-20,8,-20,8,-20,9,-20,9,-20,9,-19,9,-19,9,-19,9,-19,8,-19,8,-18,7,-18,6,-18,5,-18,4,-17,4,-16,4,-16,3,-4,0,0,0,0,0,0,0,0,0,0,0,0,0,0,0,0,0,0,0,-5,2,-17,7,-18,7,-19,6,-20,5,-21,4,-21,4,-22,4,-23,3,-23,2,-24,2,-24,1,-24,1,-24,1,-24,0,-24,0,-24,1,-24,1,-23,2,-24,2,-24,3,-24,3,-24,4,-24,4,-25,5,-26,5,-26,6,-16,-1,-50,1,-49,0,-47,0,-45,0,-44,1,-43,2,-42,3,-42,4,-41,6,-40,7,-40,9,-40,10,-40,10,-40,10,-39,9,-39,9,-38,8,-38,8,-38,7,-37,5,-35,4,-34,3,-33,3,-32,2,-31,0,-30,-1,-30,-10,-28,-11,-5,-2,-2,-1,0,0,0,-1,0,-1,-2,0,-6,1,-33,9,-34,6,-34,8,-36,5,-37,3,-38,1,-39,0,-41,-2,-42,-3,-42,-5,-43,-6,-44,-6,-44,-6,-45,-6,-44,-7,-45,-8,-45,-8,-45,-8,-44,-8,-44,-7,-44,-6,-44,-4,-45,-3,-46,-2,-46,-1,-47,1,-48,1,-48,2]"
CSI_DATA,44,5c:01:3b:6b:b0:95,-43,11,1,6,0,1,1,1,0,0,0,-97,1,11,0,11123961,0,86,1,256,1,"[86,-32,4,0,-17,20,-16,19,-15,19,-14,19,-13,19,-13,19,-12,19,-11,19,-10,19,-10,19,-10,19,-9,19,-9,19,-8,20,-8,20,-9,19,-9,19,-9,18,-9,17,-9,17,-10,15,-10,14,-10,14,-10,14,-10,13,-3,3,0,0,0,0,0,0,0,0,0,0,0,0,0,0,0,0,0,0,-3,4,-10,16,-11,16,-12,15,-13,15,-14,15,-15,16,-16,16,-16,16,-17,15,-18,15,-19,15,-19,15,-19,14,-19,14,-19,14,-19,15,-18,15,-18,15,-17,16,-17,16,-17,17,-17,18,-16,18,-17,19,-17,20,-17,21,-13,9,-38,31,-37,30,-36,29,-35,29,-33,28,-32,29,-30,29,-29,30,-28,30,-26,30,-26,31,-25,32,-25,32,-24,32,-23,32,-23,32,-24,31,-24,30,-24,29,-24,28,-24,26,-23,25,-23,23,-23,22,-23,21,-24,19,-29,12,-29,11,-6,1,-2,0,0,-1,0,-1,0,-1,-2,1,-5,4,-24,24,-25,23,-24,25,-26,24,-29,23,-31,22,-32,22,-34,21,-36,21,-37,20,-38,20,-39,20,-40,20,-40,20,-41,19,-41,19,-41,19,-41,20,-40,20,-39,21,-39,22,-38,23,-38,24,-37,26,-37,27,-37,28,-38,29,-38,30]"
CSI_DATA,45,5c:01:3b:6b:b0:95,-43,11,1,6,0,1,1,1,0,0,0,-97,1,11,0,11171275,0,86,1,256,1,"[86,-32,4,0,-20,17,-19,17,-18,17,-17,16,-17,17,-16,16,-15,16,-14,17,-13,17,-13,17,-12,17,-12,17,-12,18,-12,18,-12,18,-12,17,-12,17,-12,17,-12,16,-12,15,-12,14,-12,13,-12,12,-12,12,-12,11,-3,2,0,0,0,0,0,0,0,0,0,0,0,0,0,0,0,0,0,0,-3,3,-12,15,-13,14,-14,14,-15,14,-16,14,-17,13,-18,13,-19,13,-20,13,-20,13,-21,13,-21,13,-21,12,-21,12,-21,12,-21,12,-21,13,-20,13,-20,13,-20,14,-20,14,-20,15,-19,16,-19,16,-20,17,-20,18,-14,7,-43,25,-42,24,-41,24,-40,23,-38,23,-37,24,-35,24,-34,25,-33,25,-31,26,-30,27,-30,28,-29,28,-29,28,-29,28,-29,28,-29,27,-29,26,-29,25,-29,23,-28,22,-28,20,-27,19,-27,18,-27,17,-27,15,-31,7,-30,5,-6,0,-2,0,0,-1,0,-1,0,-1,-2,1,-5,4,-26,22,-28,20,-27,22,-29,21,-32,20,-34,19,-35,18,-37,17,-39,16,-40,15,-41,15,-42,15,-42,15,-43,15,-43,14,-43,14,-43,14,-44,14,-43,14,-42,15,-42,16,-41,18,-41,19,-41,21,-41,22,-42,23,-42,24,-42,25]"
CSI_DATA,46,5c:01:3b:6b:b0:95,-43,11,1,6,0,1,1,1,0,0,0,-97,1,11,0,11221083,0,86,1,256,1,"[86,-32,4,0,14,22,14,21,13,20,14,19,14,18,14,18,14,17,14,16,14,16,15,15,15,14,16,14,16,14,16,14,15,14,15,14,15,14,14,14,13,14,12,14,12,14,11,13,10,13,9,13,8,13,2,3,0,0,0,0,0,0,0,0,0,0,0,0,0,0,0,0,0,0,3,3,12,13,12,14,11,15,11,17,11,17,10,18,10,19,9,20,9,21,9,21,9,22,8,22,8,22,8,22,8,22,8,22,9,21,9,21,10,21,11,21,12,21,12,21,12,21,13,21,14,22,14,22,7,13,24,43,23,43,22,42,22,41,22,40,22,38,23,37,23,35,24,34,25,32,26,31,27,30,28,30,28,30,28,30,27,29,26,29,25,29,24,29,22,29,21,29,20,28,18,28,17,28,15,27,14,27,9,29,6,29,0,5,0,1,-1,-1,-1,-1,-1,-1,1,1,4,4,23,25,21,26,21,27,20,30,19,32,18,34,17,36,16,37,15,39,14,40,13,41,13,42,13,43,12,44,12,44,12,44,12,44,13,44,13,43,13,42,14,42,16,42,17,42,18,43,20,43,21,43,22,43,22,43]"
CSI_DATA,47,5c:01:3b:6b:b0:95,-40,11,1,7,0,1,1,1,0,0,0,-97,1,11,0,11269405,0,86,1,256,1,"[86,-32,4,0,-5,-13,-5,-13,-5,-12,-5,-12,-5,-11,-5,-11,-5,-11,-5,-10,-6,-10,-6,-10,-6,-10,-6,-10,-6,-10,-6,-10,-6,-10,-6,-9,-6,-9,-6,-9,-5,-9,-5,-9,-4,-9,-4,-9,-4,-9,-4,-9,-3,-9,-1,-3,0,0,0,0,0,0,0,0,0,0,0,0,0,0,0,0,0,0,-2,-3,-5,-9,-4,-9,-4,-10,-4,-10,-3,-10,-3,-11,-3,-11,-2,-12,-2,-12,-2,-12,-2,-13,-2,-12,-2,-12,-2,-12,-2,-12,-2,-12,-2,-12,-2,-12,-3,-12,-3,-12,-3,-12,-4,-12,-4,-12,-4,-12,-4,-13,-4,-13,-4,-16,-13,-49,-13,-48,-12,-48,-12,-46,-12,-45,-13,-43,-14,-43,-15,-42,-16,-41,-17,-40,-19,-39,-20,-39,-20,-38,-20,-38,-20,-38,-19,-37,-19,-37,-18,-36,-17,-36,-16,-35,-15,-35,-14,-34,-12,-33,-11,-32,-9,-31,-7,-31,0,-31,2,-31,0,-6,0,-2,-1,0,0,0,-1,0,-2,-2,-4,-6,-17,-30,-15,-31,-14,-34,-12,-35,-11,-37,-9,-39,-8,-40,-7,-41,-6,-43,-5,-43,-4,-44,-3,-45,-3,-46,-2,-46,-2,-46,-1,-47,-2,-46,-2,-46,-2,-46,-3,-46,-4,-45,-6,-46,-7,-46,-9,-47,-10,-47,-11,-47,-11,-49,-12,-49]"
CSI_DATA,48,5c:01:3b:6b:b0:95,-43,11,1,6,0,1,1,1,0,0,0,-97,1,11,0,11321007,0,86,1,256,1,"[86,-32,4,0,-20,17,-20,17,-18,17,-18,17,-17,17,-16,17,-15,17,-14,17,-13,17,-13,18,-13,17,-13,18,-12,18,-12,18,-12,18,-12,18,-12,18,-12,17,-12,16,-12,15,-12,14,-13,13,-13,12,-12,12,-13,11,-4,2,0,0,0,0,0,0,0,0,0,0,0,0,0,0,0,0,0,0,-3,3,-12,14,-13,14,-15,14,-16,14,-17,13,-18,13,-19,13,-19,13,-20,12,-21,12,-22,12,-22,12,-22,12,-21,11,-21,12,-21,12,-21,13,-20,13,-20,13,-20,14,-20,14,-20,15,-20,16,-20,16,-21,17,-21,18,-14,7,-43,26,-43,25,-42,25,-40,25,-38,24,-37,25,-36,25,-34,26,-33,26,-31,27,-31,28,-30,29,-30,30,-29,30,-29,29,-29,29,-29,28,-29,27,-29,26,-29,24,-29,23,-28,21,-28,20,-27,19,-27,17,-27,15,-31,8,-31,6,-6,0,-2,0,0,-1,0,-1,0,-1,-2,1,-5,4,-25,24,-27,22,-27,23,-30,22,-32,21,-34,20,-36,19,-37,18,-39,17,-41,17,-42,16,-43,16,-43,16,-44,16,-44,15,-44,15,-44,15,-44,16,-43,16,-42,17,-42,18,-42,19,-42,20,-42,22,-42,23,-42,24,-43,25,-43,26]"
CSI_DATA,49,5c:01:3b:6b:b0:95,-42,11,1,5,0,1,1,1,0,0,0,-97,1,11,0,11372678,0,86,1,256,1,"[86,-32,4,0,21,-15,20,-15,19,-15,19,-15,18,-15,18,-15,17,-15,16,-15,15,-16,14,-16,14,-16,14,-16,14,-16,13,-17,14,-17,14,-16,14,-16,14,-15,13,-15,13,-14,13,-13,13,-12,13,-11,13,-11,13,-10,3,-3,0,0,0,0,0,0,0,0,0,0,0,0,0,0,0,0,0,0,3,-4,13,-14,14,-13,15,-13,16,-12,17,-12,18,-12,19,-11,19,-11,20,-10,21,-10,21,-10,22,-10,22,-9,21,-9,21,-9,21,-10,21,-10,20,-11,21,-11,21,-12,20,-12,20,-13,20,-13,21,-14,22,-14,22,-15,13,-7,42,-24,42,-23,41,-23,40,-23,38,-23,37,-23,36,-24,35,-24,33,-26,32,-27,31,-28,29,-29,29,-29,29,-29,29,-28,30,-28,29,-27,29,-27,29,-26,29,-24,29,-23,28,-21,27,-20,27,-19,26,-17,26,-15,29,-9,29,-8,5,-2,1,-1,-1,0,-1,0,-1,0,1,-2,4,-5,24,-24,25,-22,27,-23,29,-21,31,-19,33,-18,35,-18,37,-17,39,-16,40,-15,41,-14,41,-14,42,-14,43,-14,43,-14,43,-13,43,-13,43,-14,42,-14,41,-15,41,-16,41,-17,42,-18,42,-20,41,-21,41,-22,42,-24,42,-24]"
CSI_DATA,50,5c:01:3b:6b:b0:95,-39,11,1,6,0,1,1,1,0,0,0,-97,1,11,0,11419403,0,86,1,256,1,"[86,-32,4,0,-20,-13,-20,-13,-19,-12,-19,-11,-19,-11,-19,-10,-19,-9,-19,-9,-18,-8,-19,-7,-19,-7,-19,-7,-19,-7,-19,-7,-19,-7,-19,-7,-18,-7,-17,-7,-16,-7,-16,-8,-15,-8,-15,-8,-14,-8,-13,-8,-13,-8,-4,-2,0,0,0,0,0,0,0,0,0,0,0,0,0,0,0,0,0,0,-4,-2,-16,-7,-16,-8,-17,-9,-17,-10,-16,-11,-16,-12,-16,-13,-16,-13,-16,-14,-16,-15,-16,-16,-16,-16,-16,-16,-16,-16,-16,-16,-16,-15,-16,-15,-16,-14,-17,-15,-17,-14,-18,-14,-19,-13,-19,-13,-20,-13,-20,-13,-20,-13,-11,-10,-35,-29,-34,-29,-33,-28,-33,-28,-32,-26,-32,-25,-32,-24,-32,-23,-32,-21,-32,-20,-33,-18,-33,-18,-34,-17,-34,-17,-34,-17,-33,-17,-32,-17,-32,-17,-30,-18,-29,-18,-28,-18,-26,-18,-25,-19,-24,-19,-22,-19,-21,-19,-16,-23,-14,-23,-3,-5,-1,-2,0,0,0,0,0,0,-2,-1,-5,-3,-26,-15,-26,-17,-27,-17,-27,-19,-27,-22,-27,-24,-27,-25,-27,-27,-27,-29,-26,-30,-25,-31,-25,-32,-25,-32,-25,-33,-25,-33,-25,-33,-25,-34,-26,-33,-25,-33,-26,-32,-26,-32,-27,-31,-28,-31,-30,-30,-31,-29,-32,-29,-33,-29,-34,-29]"
CSI_DATA,51,5c:01:3b:6b:b0:95,-42,11,1,5,0,1,1,1,0,0,0,-97,1,11,0,11471166,0,86,1,256,1,"[86,-32,4,0,-22,-15,-22,-14,-22,-14,-22,-13,-22,-12,-21,-12,-21,-11,-20,-10,-20,-9,-21,-9,-21,-8,-21,-8,-21,-7,-21,-7,-21,-7,-21,-8,-20,-8,-20,-8,-19,-8,-18,-9,-17,-9,-17,-9,-16,-9,-15,-9,-14,-10,-4,-3,0,0,0,0,0,0,0,0,0,0,0,0,0,0,0,0,0,0,-5,-2,-17,-8,-17,-9,-17,-10,-18,-12,-18,-13,-18,-14,-18,-14,-17,-15,-17,-16,-17,-17,-17,-18,-17,-18,-17,-18,-17,-18,-17,-18,-17,-17,-18,-16,-18,-16,-19,-16,-19,-16,-20,-16,-20,-15,-20,-15,-21,-15,-22,-15,-22,-16,-11,-11,-37,-34,-37,-33,-36,-33,-35,-32,-35,-30,-35,-29,-34,-28,-35,-26,-35,-24,-35,-23,-36,-21,-37,-20,-37,-20,-37,-20,-37,-20,-37,-19,-36,-19,-35,-19,-34,-20,-33,-20,-31,-21,-29,-20,-28,-20,-27,-20,-25,-21,-23,-21,-17,-26,-15,-27,-3,-5,-1,-2,0,0,0,0,0,0,-2,-1,-6,-3,-29,-18,-28,-20,-30,-20,-29,-22,-28,-25,-28,-27,-28,-29,-28,-31,-28,-33,-27,-34,-27,-35,-26,-36,-27,-37,-27,-37,-27,-38,-26,-38,-26,-38,-27,-37,-28,-36,-28,-36,-28,-36,-29,-35,-31,-35,-32,-34,-33,-34,-35,-33,-36,-34,-37,-34]"
CSI_DATA,52,5c:01:3b:6b:b0:95,-39,11,1,5,0,1,1,1,0,0,0,-97,1,11,0,11521096,0,86,1,256,1,"[86,-32,4,0,-24,-11,-23,-11,-22,-10,-22,-9,-22,-9,-22,-8,-21,-7,-21,-6,-21,-6,-21,-5,-21,-5,-22,-4,-22,-4,-21,-4,-21,-4,-21,-4,-20,-5,-20,-5,-19,-6,-18,-6,-18,-6,-17,-7,-16,-7,-15,-7,-15,-7,-4,-2,0,0,0,0,0,0,0,0,0,0,0,0,0,0,0,0,0,0,-5,-2,-18,-5,-18,-6,-19,-8,-19,-9,-19,-10,-19,-11,-19,-12,-19,-12,-19,-13,-20,-14,-20,-14,-20,-15,-19,-15,-19,-15,-19,-14,-20,-14,-20,-13,-20,-13,-21,-13,-21,-13,-21,-12,-22,-12,-22,-11,-23,-11,-23,-11,-23,-11,-12,-10,-38,-29,-38,-29,-36,-28,-35,-28,-35,-26,-34,-25,-34,-24,-35,-22,-35,-20,-36,-19,-36,-18,-37,-17,-37,-16,-37,-16,-37,-16,-36,-16,-35,-17,-34,-16,-33,-17,-32,-17,-31,-18,-29,-18,-28,-18,-27,-18,-25,-18,-23,-18,-16,-25,-14,-26,-3,-5,-1,-2,0,0,0,0,0,0,-2,-1,-5,-3,-28,-18,-27,-20,-30,-17,-30,-20,-29,-22,-29,-24,-29,-25,-29,-27,-29,-29,-29,-30,-29,-32,-29,-32,-29,-33,-29,-33,-28,-34,-28,-34,-28,-34,-29,-34,-30,-33,-30,-32,-30,-32,-31,-31,-31,-31,-33,-31,-34,-30,-35,-29,-37,-29,-37,-29]"
CSI_DATA,53,5c:01:3b:6b:b0:95,-43,11,1,6,0,1,1,1,0,0,0,-97,1,11,0,11569410,0,86,1,256,1,"[86,-32,4,0,1,26,1,26,2,25,2,24,2,24,3,23,3,23,4,22,5,22,6,21,6,20,6,20,7,21,7,21,7,21,7,21,6,21,5,20,5,20,4,19,3,18,3,17,2,17,2,17,1,17,0,4,0,0,0,0,0,0,0,0,0,0,0,0,0,0,0,0,0,0,0,4,3,18,2,19,1,20,0,21,-1,21,-2,22,-3,23,-3,23,-4,23,-4,24,-5,24,-5,24,-5,24,-5,24,-5,24,-5,24,-4,24,-4,24,-3,24,-2,24,-2,25,-1,25,-1,25,0,26,0,27,0,27,-4,15,-9,49,-9,48,-9,47,-9,46,-8,45,-6,45,-5,44,-4,43,-2,42,0,41,2,41,3,41,4,42,3,42,3,41,3,40,2,40,2,39,0,39,-1,37,-2,36,-2,35,-3,34,-3,33,-4,32,-6,30,-15,28,-17,27,-4,4,-2,1,0,-1,-1,-2,0,-1,0,1,0,6,0,34,-3,35,-1,35,-4,36,-7,37,-9,38,-10,39,-12,39,-14,40,-15,40,-16,41,-17,41,-17,43,-17,43,-18,43,-18,43,-19,42,-18,43,-18,42,-17,42,-16,43,-15,44,-14,45,-12,46,-10,46,-9,48,-8,49,-8,50]"
CSI_DATA,54,5c:01:3b:6b:b0:95,-43,11,1,6,0,1,1,1,0,0,0,-97,1,11,0,11619337,0,86,1,256,1,"[86,-32,4,0,-20,18,-19,18,-18,18,-18,18,-17,18,-16,18,-15,18,-14,18,-14,18,-13,18,-13,18,-12,18,-12,19,-11,19,-12,19,-12,19,-12,19,-12,18,-12,17,-12,16,-12,15,-13,14,-13,13,-12,13,-12,12,-4,3,0,0,0,0,0,0,0,0,0,0,0,0,0,0,0,0,0,0,-3,3,-12,15,-13,15,-15,14,-16,14,-17,14,-18,14,-19,14,-20,14,-20,13,-21,13,-22,13,-22,12,-22,12,-22,12,-21,12,-22,13,-21,14,-20,14,-20,14,-20,15,-20,15,-20,16,-20,16,-20,17,-21,18,-21,18,-13,9,-41,31,-41,31,-40,30,-39,29,-37,29,-36,29,-34,29,-33,30,-31,31,-29,31,-28,32,-27,33,-27,34,-27,34,-26,34,-26,33,-27,32,-27,31,-28,31,-27,29,-27,27,-26,25,-26,24,-26,23,-26,21,-26,20,-29,15,-30,13,-6,2,-2,0,0,-1,0,-1,0,-1,-1,1,-4,5,-22,27,-25,26,-26,26,-29,25,-31,24,-33,23,-35,22,-37,21,-39,20,-40,19,-41,19,-42,19,-43,20,-43,20,-43,19,-44,19,-43,19,-44,20,-43,20,-42,20,-42,21,-42,23,-41,24,-41,26,-40,28,-40,29,-41,30,-42,31]"
CSI_DATA,55,5c:01:3b:6b:b0:95,-40,11,1,7,0,1,1,1,0,0,0,-97,1,11,0,11672130,0,86,1,256,1,"[86,-32,4,0,-11,-8,-11,-8,-11,-8,-11,-7,-11,-7,-11,-6,-11,-6,-11,-5,-11,-5,-11,-5,-11,-5,-11,-4,-11,-4,-11,-4,-11,-4,-11,-4,-10,-4,-10,-5,-10,-4,-10,-4,-9,-5,-9,-5,-8,-5,-8,-5,-8,-5,-2,-2,0,0,0,0,0,0,0,0,0,0,0,0,0,0,0,0,0,0,-2,-2,-8,-5,-8,-6,-8,-6,-8,-7,-8,-7,-8,-8,-8,-8,-8,-9,-8,-9,-8,-9,-8,-10,-8,-10,-8,-10,-8,-10,-8,-10,-9,-10,-9,-9,-9,-9,-9,-9,-10,-9,-10,-8,-10,-8,-10,-8,-11,-8,-11,-9,-11,-9,-14,-10,-42,-31,-41,-31,-40,-31,-39,-30,-39,-28,-39,-27,-39,-25,-39,-23,-39,-22,-39,-20,-40,-19,-41,-18,-41,-17,-40,-16,-40,-15,-40,-15,-39,-15,-38,-15,-37,-16,-36,-16,-35,-17,-33,-17,-31,-18,-30,-18,-28,-19,-27,-19,-23,-21,-21,-22,-4,-5,-1,-2,0,0,0,0,0,0,-2,-1,-6,-3,-32,-16,-31,-18,-31,-21,-30,-23,-30,-25,-30,-27,-30,-29,-30,-31,-30,-32,-29,-33,-29,-34,-29,-35,-29,-36,-29,-37,-29,-37,-29,-38,-29,-38,-30,-37,-30,-36,-31,-35,-32,-34,-34,-34,-35,-33,-35,-33,-36,-32,-38,-32,-39,-33,-40,-33]"
CSI_DATA,56,5c:01:3b:6b:b0:95,-43,11,1,6,0,1,1,1,0,0,0,-97,1,11,0,11721801,0,86,1,256,1,"[86,-32,4,0,6,25,6,25,6,24,7,23,7,23,7,22,8,21,8,21,8,20,9,20,9,19,10,19,10,19,10,19,10,19,10,19,9,19,9,19,8,19,7,18,6,17,5,17,5,17,4,17,3,16,0,4,0,0,0,0,0,0,0,0,0,0,0,0,0,0,0,0,0,0,1,4,7,17,6,18,6,19,5,20,4,20,3,21,3,22,2,22,2,23,1,24,0,24,0,25,0,24,0,24,0,24,1,24,1,24,2,23,2,24,3,24,4,24,4,24,4,25,5,25,5,26,6,26,2,15,8,50,7,49,7,48,8,47,8,46,9,45,10,44,11,42,12,41,13,40,14,39,16,39,16,39,16,39,16,38,16,38,15,38,14,37,13,37,11,36,10,35,9,34,8,33,7,33,5,32,3,31,-1,31,-4,31,-1,5,-1,1,-1,-1,-1,-2,-1,-1,0,1,2,5,14,32,12,32,11,33,9,35,7,37,5,39,4,40,3,41,1,43,0,43,-1,44,-2,45,-3,46,-3,47,-3,46,-3,46,-3,46,-3,46,-2,46,-1,46,0,46,1,47,2,47,4,48,5,48,6,49,7,49,7,50]"
CSI_DATA,57,5c:01:3b:6b:b0:95,-44,11,1,7,0,1,1,1,0,0,0,-97,1,11,0,11769389,0,86,1,256,1,"[86,-32,4,0,-27,7,-26,7,-25,8,-25,8,-24,8,-24,8,-23,9,-22,9,-21,10,-21,11,-21,11,-21,11,-20,11,-20,11,-20,11,-20,11,-20,10,-20,9,-19,9,-19,8,-19,7,-19,6,-18,5,-18,5,-17,4,-5,0,0,0,0,0,0,0,0,0,0,0,0,0,0,0,0,0,0,0,-5,2,-18,9,-19,9,-20,8,-21,7,-22,6,-22,6,-23,5,-24,5,-24,4,-25,3,-26,3,-26,3,-26,2,-26,2,-26,2,-26,3,-25,3,-25,4,-25,4,-26,5,-26,5,-26,6,-26,6,-27,7,-27,7,-27,8,-17,3,-53,11,-52,11,-51,11,-49,11,-48,11,-47,11,-45,11,-44,13,-43,14,-42,16,-41,18,-41,19,-41,19,-41,19,-40,19,-40,18,-40,17,-39,16,-39,15,-39,13,-38,12,-37,10,-36,9,-35,8,-34,7,-33,5,-33,0,-32,-2,-6,-1,-2,-1,0,-1,0,-1,0,-1,-2,1,-6,3,-31,19,-33,17,-35,16,-37,13,-39,11,-40,9,-42,8,-44,7,-45,5,-46,4,-47,3,-48,2,-49,2,-49,2,-49,2,-49,1,-49,1,-49,1,-49,2,-48,2,-48,3,-49,4,-49,5,-49,7,-49,9,-50,10,-52,11,-53,11]"
CSI_DATA,58,5c:01:3b:6b:b0:95,-42,11,1,5,0,1,1,1,0,0,0,-97,1,11,0,11824287,0,86,1,256,1,"[86,-32,4,0,-24,12,-23,12,-22,12,-21,12,-21,12,-20,12,-19,12,-18,13,-17,13,-17,14,-17,14,-17,14,-17,14,-16,14,-16,15,-16,14,-16,14,-16,13,-16,12,-16,11,-16,10,-16,9,-15,9,-15,8,-15,7,-4,1,0,0,0,0,0,0,0,0,0,0,0,0,0,0,0,0,0,0,-4,3,-15,12,-16,11,-17,11,-18,10,-19,10,-20,9,-21,9,-21,8,-22,8,-22,8,-23,8,-23,8,-23,7,-23,7,-23,7,-23,7,-23,8,-22,8,-22,8,-23,9,-23,9,-23,10,-22,11,-23,11,-23,12,-24,13,-15,5,-47,18,-47,17,-45,17,-44,17,-42,17,-41,17,-40,17,-39,18,-37,20,-36,21,-36,22,-35,23,-34,24,-35,24,-35,23,-35,23,-34,22,-34,22,-34,20,-33,19,-33,17,-32,15,-31,14,-31,13,-30,12,-30,10,-31,4,-30,2,-6,0,-2,-1,0,-1,0,-1,0,-1,-2,1,-5,3,-28,20,-30,18,-30,19,-32,17,-34,15,-36,14,-38,13,-40,12,-41,11,-43,10,-43,9,-44,8,-45,9,-45,9,-45,8,-45,8,-45,7,-46,8,-45,9,-45,9,-44,10,-44,10,-45,12,-45,13,-45,15,-45,16,-46,17,-46,18]"
CSI_DATA,59,5c:01:3b:6b:b0:95,-44,11,1,7,0,1,1,1,0,0,0,-97,1,11,0,11869393,0,86,1,256,1,"[86,-32,4,0,11,-11,11,-11,11,-11,10,-11,10,-10,9,-11,9,-11,8,-11,8,-11,7,-11,7,-11,7,-11,7,-11,6,-12,7,-12,7,-11,7,-11,7,-11,7,-10,7,-10,7,-9,7,-8,7,-8,7,-8,7,-7,1,-2,0,0,0,0,0,0,0,0,0,0,0,0,0,0,0,0,0,0,1,-3,7,-9,8,-9,8,-9,9,-8,9,-8,10,-8,11,-8,11,-8,11,-7,12,-7,12,-7,13,-7,13,-7,12,-7,12,-7,12,-8,12,-8,11,-8,12,-8,12,-8,12,-9,11,-9,11,-9,12,-10,12,-10,12,-11,12,-13,42,-42,42,-42,41,-41,40,-40,38,-40,37,-39,35,-39,33,-40,31,-41,29,-42,27,-43,26,-43,25,-43,25,-43,25,-44,25,-43,26,-43,26,-42,27,-40,27,-38,27,-36,27,-34,26,-32,26,-30,27,-29,27,-27,28,-24,28,-22,5,-4,1,-2,-1,0,-1,1,-1,0,0,-3,2,-7,16,-37,19,-36,26,-34,29,-34,31,-33,34,-32,36,-32,39,-31,41,-30,43,-30,44,-29,45,-29,46,-29,47,-29,47,-28,47,-28,47,-28,46,-29,45,-30,44,-30,44,-32,44,-33,44,-34,43,-35,42,-37,43,-38,44,-39,45,-40]"
CSI_DATA,60,5c:01:3b:6b:b0:95,-44,11,1,7,0,1,1,1,0,0,0,-97,1,11,0,11919434,0,86,1,256,1,"[86,-32,4,0,26,6,26,6,25,5,24,4,24,4,24,3,24,2,23,1,23,0,23,-1,23,-1,23,-2,22,-2,22,-2,22,-1,22,-1,22,-1,21,0,20,0,20,1,19,1,19,2,18,2,17,2,16,3,4,0,0,0,0,0,0,0,0,0,0,0,0,0,0,0,0,0,0,0,4,0,19,1,19,2,20,4,21,5,21,6,21,6,21,7,21,8,22,9,22,10,23,10,23,10,23,11,22,11,22,11,22,10,22,10,22,9,23,9,23,8,24,8,25,7,25,7,26,7,27,6,27,6,15,4,50,15,50,15,48,15,47,14,46,13,45,12,45,10,44,8,44,6,43,4,43,2,44,1,44,1,44,1,43,1,43,1,42,1,42,2,41,2,40,3,38,4,36,5,35,6,34,6,32,7,31,9,29,14,27,16,4,3,1,0,-1,-1,-2,0,-1,-1,1,-1,6,-1,35,1,36,3,36,5,37,8,38,11,38,14,39,16,39,17,40,19,40,21,40,22,41,22,41,23,42,23,41,23,41,24,41,24,41,24,41,23,42,22,42,21,43,20,44,19,45,18,46,17,48,16,49,16,51,16]"
CSI_DATA,61,5c:01:3b:6b:b0:95,-44,11,1,7,0,1,1,1,0,0,0,-97,1,11,0,11969444,0,86,1,256,1,"[86,-32,4,0,15,0,15,0,14,-1,14,-1,14,-1,13,-1,13,-2,13,-2,12,-2,12,-3,12,-3,13,-3,12,-3,12,-3,12,-3,12,-3,12,-3,12,-2,11,-2,11,-2,11,-1,10,-1,10,-1,10,0,10,0,2,0,0,0,0,0,0,0,0,0,0,0,0,0,0,0,0,0,0,0,2,-1,10,-2,11,-2,11,-1,12,-1,12,0,12,0,12,1,13,1,13,2,13,2,14,2,14,3,14,3,14,3,14,3,14,3,13,2,13,2,14,2,14,1,14,1,14,1,14,0,15,0,16,0,16,0,9,0,30,1,29,1,29,1,28,1,27,0,27,0,26,-1,25,-2,25,-3,24,-4,24,-5,24,-5,24,-6,24,-5,24,-5,24,-5,24,-5,24,-4,23,-4,22,-3,22,-2,21,-2,20,-1,20,-1,19,0,18,1,18,4,17,5,3,1,0,0,-1,-1,-1,0,-1,0,0,-1,3,-2,19,-7,20,-6,21,-4,21,-2,22,-1,23,0,24,1,24,2,25,3,25,4,25,5,25,5,26,6,26,6,26,6,26,6,26,7,26,6,26,6,26,5,26,5,27,4,27,4,27,3,28,2,28,2,30,1,30,1]"
CSI_DATA,62,5c:01:3b:6b:b0:95,-43,11,1,6,0,1,1,1,0,0,0,-97,1,11,0,12021257,0,86,1,256,1,"[86,-32,4,0,-16,22,-16,22,-14,21,-14,21,-13,20,-13,20,-12,20,-11,20,-10,21,-9,21,-9,21,-9,21,-8,21,-8,21,-8,21,-8,21,-8,20,-9,20,-9,19,-9,18,-10,17,-10,16,-10,15,-10,15,-10,14,-3,3,0,0,0,0,0,0,0,0,0,0,0,0,0,0,0,0,0,0,-3,4,-9,17,-10,17,-11,17,-12,17,-13,17,-14,17,-15,17,-16,17,-17,17,-18,17,-19,17,-19,17,-19,16,-19,16,-19,16,-19,17,-18,17,-17,18,-17,18,-17,18,-17,19,-17,19,-16,20,-17,21,-17,22,-16,23,-11,12,-34,41,-33,40,-32,39,-31,38,-30,38,-28,38,-27,37,-26,37,-24,37,-22,38,-20,39,-19,39,-19,40,-18,40,-18,39,-19,39,-19,38,-19,37,-20,36,-21,34,-21,32,-20,31,-20,29,-20,28,-21,27,-21,25,-25,22,-26,20,-5,3,-2,0,0,-1,0,-2,0,-1,-1,1,-2,6,-13,33,-16,32,-19,32,-22,31,-25,30,-27,30,-29,30,-31,30,-33,29,-35,29,-36,29,-37,29,-37,30,-37,30,-38,30,-38,30,-38,29,-38,30,-37,30,-36,31,-36,32,-35,33,-35,34,-34,35,-33,37,-33,38,-33,40,-33,40]"
CSI_DATA,63,5c:01:3b:6b:b0:95,-43,11,1,6,0,1,1,1,0,0,0,-97,1,11,0,12072347,0,86,1,256,1,"[86,-32,4,0,3,-28,2,-27,2,-26,1,-25,1,-25,0,-24,0,-24,-1,-24,-2,-24,-2,-24,-3,-23,-3,-23,-3,-23,-3,-23,-3,-23,-3,-23,-2,-23,-2,-22,-1,-22,-1,-21,0,-20,1,-19,1,-19,2,-18,3,-18,0,-5,0,0,0,0,0,0,0,0,0,0,0,0,0,0,0,0,0,0,-1,-5,-2,-20,-1,-20,0,-21,1,-22,2,-22,3,-23,4,-23,4,-24,5,-24,6,-24,7,-25,7,-25,7,-24,7,-24,7,-24,7,-25,6,-24,6,-24,5,-25,5,-25,4,-25,4,-26,3,-26,3,-26,3,-28,3,-28,4,-16,12,-50,12,-50,12,-49,12,-48,11,-46,10,-46,8,-45,7,-45,5,-44,4,-44,2,-44,1,-44,1,-45,1,-44,1,-44,1,-43,2,-42,2,-42,3,-41,5,-40,5,-38,6,-37,6,-35,7,-34,8,-33,9,-32,16,-28,17,-27,3,-5,1,-2,-1,0,-1,1,-1,0,-1,-2,0,-7,1,-36,4,-36,3,-37,5,-38,8,-39,10,-39,12,-40,14,-40,15,-41,17,-41,18,-41,19,-42,19,-43,20,-43,20,-43,21,-43,21,-43,21,-43,20,-43,19,-43,18,-44,17,-45,16,-45,15,-47,14,-47,13,-48,13,-50,13,-50]"
CSI_DATA,64,5c:01:3b:6b:b0:95,-44,11,1,7,0,1,1,1,0,0,0,-97,1,11,0,12122977,0,86,1,256,1,"[86,-32,4,0,17,-18,17,-18,16,-17,15,-17,14,-17,14,-17,13,-17,12,-17,11,-18,11,-18,11,-18,10,-17,10,-18,10,-18,10,-18,10,-18,10,-17,11,-17,11,-16,11,-15,11,-14,11,-13,11,-12,11,-12,11,-11,2,-3,0,0,0,0,0,0,0,0,0,0,0,0,0,0,0,0,0,0,2,-4,9,-15,10,-15,11,-15,12,-15,13,-15,14,-15,15,-15,16,-14,16,-14,17,-14,18,-14,18,-14,18,-13,18,-13,18,-13,18,-14,17,-14,17,-14,17,-14,17,-15,17,-15,17,-16,17,-16,17,-17,17,-18,17,-19,11,-9,36,-29,36,-28,36,-28,34,-27,33,-27,32,-26,31,-26,30,-27,28,-28,26,-29,25,-30,24,-31,24,-31,24,-31,24,-31,24,-31,24,-29,25,-28,25,-27,25,-26,25,-24,24,-22,24,-21,23,-20,23,-19,24,-17,27,-12,27,-10,4,-2,1,-1,-1,0,-1,0,-1,0,0,-2,3,-5,20,-26,22,-24,21,-26,23,-25,26,-24,27,-23,29,-22,31,-21,33,-20,35,-20,36,-19,36,-19,37,-20,37,-20,38,-20,38,-19,37,-19,37,-20,37,-20,36,-20,36,-21,36,-21,36,-22,36,-24,36,-25,35,-27,36,-28,37,-29]"
CSI_DATA,65,5c:01:3b:6b:b0:95,-43,11,1,6,0,1,1,1,0,0,0,-97,1,11,0,12171296,0,86,1,256,1,"[86,-32,4,0,11,24,11,23,12,22,12,21,12,21,12,20,12,19,13,19,13,18,13,18,14,17,14,17,14,17,14,17,14,17,14,17,14,17,13,17,12,17,11,16,10,16,9,15,8,15,8,16,7,15,1,4,0,0,0,0,0,0,0,0,0,0,0,0,0,0,0,0,0,0,2,3,10,15,10,16,9,18,9,19,9,19,8,20,7,21,7,22,6,22,6,23,5,24,5,24,5,24,6,24,6,24,6,24,6,23,7,23,7,23,8,23,9,23,9,23,10,23,10,24,11,25,11,25,3,15,13,49,12,49,12,47,12,46,12,45,13,44,13,42,14,41,16,39,17,38,18,38,19,37,20,37,20,37,20,37,20,36,19,36,18,36,16,36,15,35,13,34,12,33,11,32,10,32,8,31,6,31,-2,32,-4,32,-1,5,-1,1,-1,-1,-1,-2,-1,-1,0,1,2,5,13,32,11,33,14,33,12,34,10,36,8,38,7,39,6,41,4,42,3,43,2,44,2,44,2,45,2,46,1,46,1,47,1,47,1,47,2,46,3,45,4,46,5,46,6,46,8,47,9,47,10,48,11,49,12,49]"
CSI_DATA,66,5c:01:3b:6b:b0:95,-43,11,1,6,0,1,1,1,0,0,0,-97,1,11,0,12221359,0,86,1,256,1,"[86,-32,4,0,20,18,20,17,19,16,19,15,19,15,19,14,19,13,18,12,18,11,19,11,20,10,20,10,20,10,19,10,19,10,19,10,19,11,18,11,17,11,16,11,15,11,15,11,14,11,13,11,12,11,3,3,0,0,0,0,0,0,0,0,0,0,0,0,0,0,0,0,0,0,4,2,16,9,16,10,16,11,16,13,16,14,16,15,16,16,15,16,15,17,15,18,16,19,16,19,16,19,15,19,15,19,15,19,15,18,15,18,16,18,17,18,18,18,18,17,18,17,19,17,20,18,21,18,8,12,30,41,29,40,28,39,27,38,27,37,27,36,27,34,28,33,29,31,29,29,31,28,31,27,32,27,31,28,31,27,30,27,30,27,29,27,28,27,26,27,24,27,22,26,21,26,20,26,18,26,16,26,8,31,5,31,0,5,-1,1,-1,-1,-1,-1,-1,-1,1,1,4,3,25,23,24,25,26,23,25,25,24,28,23,31,23,33,22,35,21,36,21,37,20,39,20,39,21,40,21,40,20,41,19,41,19,41,19,41,19,41,20,40,21,40,22,40,23,40,25,39,26,39,28,39,29,40,30,40]"
CSI_DATA,67,5c:01:3b:6b:b0:95,-39,11,1,6,0,1,1,1,0,0,0,-97,1,11,0,12269515,0,86,1,256,1,"[86,-32,4,0,-13,-6,-13,-5,-12,-5,-12,-4,-12,-4,-12,-4,-12,-3,-11,-3,-11,-2,-12,-2,-12,-2,-12,-2,-12,-2,-12,-1,-12,-1,-11,-2,-11,-2,-11,-2,-11,-2,-10,-2,-10,-3,-10,-3,-9,-3,-9,-3,-9,-3,-3,-1,0,0,0,0,0,0,0,0,0,0,0,0,0,0,0,0,0,0,-3,-1,-9,-3,-10,-4,-10,-4,-10,-5,-10,-5,-10,-6,-10,-6,-10,-7,-10,-7,-10,-7,-11,-8,-11,-8,-11,-8,-11,-8,-10,-8,-11,-8,-11,-7,-11,-7,-11,-7,-11,-6,-12,-6,-12,-6,-12,-6,-13,-6,-13,-6,-13,-6,-14,-9,-46,-25,-45,-25,-44,-25,-43,-24,-42,-23,-42,-22,-41,-20,-41,-18,-41,-16,-42,-14,-42,-13,-43,-12,-43,-11,-43,-11,-42,-11,-42,-10,-41,-11,-40,-11,-40,-12,-38,-12,-37,-13,-35,-14,-34,-14,-33,-14,-31,-15,-29,-16,-25,-21,-23,-22,-5,-4,-2,-2,0,0,0,0,0,0,-2,-1,-6,-2,-32,-13,-31,-15,-33,-15,-33,-17,-34,-20,-34,-23,-34,-25,-34,-27,-34,-29,-34,-30,-34,-31,-34,-31,-35,-31,-35,-32,-34,-32,-34,-33,-34,-33,-35,-33,-35,-32,-36,-31,-37,-31,-37,-30,-38,-29,-40,-28,-41,-26,-43,-26,-44,-25,-44,-25]"
CSI_DATA,68,5c:01:3b:6b:b0:95,-39,11,1,6,0,1,1,1,0,0,0,-97,1,11,0,12319377,0,86,1,256,1,"[86,-32,4,0,8,10,7,10,7,9,8,9,8,9,8,8,8,8,8,8,8,8,8,7,8,7,8,7,8,7,8,7,8,7,8,7,8,7,8,7,7,7,7,7,6,7,6,7,5,7,5,7,4,7,1,1,0,0,0,0,0,0,0,0,0,0,0,0,0,0,0,0,0,0,1,1,6,6,6,6,6,7,6,7,6,8,6,9,6,9,5,9,5,10,5,10,5,11,5,11,5,11,5,11,5,10,5,10,5,10,5,10,6,10,6,10,7,10,7,10,7,10,7,10,8,11,8,11,9,12,31,41,30,40,29,40,29,39,29,37,29,36,30,34,30,33,30,31,31,30,32,29,32,28,33,28,33,28,33,27,32,27,32,27,31,27,30,27,28,27,26,27,24,27,23,27,21,27,19,27,17,28,15,28,12,29,1,5,0,1,-1,-1,-2,-1,-1,-1,1,0,5,3,29,18,28,20,26,24,25,26,24,28,24,30,23,32,23,34,22,36,21,38,21,39,20,40,20,41,19,42,19,43,19,43,19,43,20,42,20,41,21,40,22,40,23,40,24,40,26,41,27,40,28,41,30,41,30,41]"
CSI_DATA,69,5c:01:3b:6b:b0:95,-38,11,1,5,0,1,1,1,0,0,0,-97,1,11,0,12371031,0,86,1,256,1,"[86,-32,4,0,-13,4,-13,4,-12,4,-12,4,-12,4,-11,5,-11,5,-10,5,-10,5,-10,5,-10,5,-10,6,-10,6,-9,6,-10,6,-10,6,-9,6,-9,6,-9,5,-9,5,-9,4,-9,4,-9,3,-8,3,-8,3,-2,0,0,0,0,0,0,0,0,0,0,0,0,0,0,0,0,0,0,0,-3,1,-9,4,-9,3,-10,3,-10,3,-11,2,-11,2,-11,2,-12,2,-12,1,-12,1,-13,1,-13,1,-13,0,-13,0,-13,1,-13,1,-13,2,-12,2,-12,2,-12,2,-13,3,-13,3,-13,3,-13,3,-13,3,-13,4,-16,2,-50,9,-50,8,-49,8,-47,8,-46,9,-44,9,-43,10,-42,12,-41,13,-40,14,-40,15,-40,16,-40,17,-39,17,-39,17,-38,17,-38,17,-37,16,-37,15,-36,14,-36,12,-35,10,-34,9,-33,8,-32,6,-31,5,-32,-4,-31,-5,-6,-2,-2,-1,0,-1,0,-1,0,-1,-2,0,-6,2,-32,12,-33,9,-34,10,-36,8,-37,6,-39,5,-40,3,-42,2,-43,1,-44,0,-44,-1,-45,-2,-45,-3,-46,-3,-46,-4,-47,-4,-47,-4,-47,-3,-47,-1,-46,0,-46,0,-46,1,-47,2,-48,4,-48,5,-48,6,-49,7,-49,8]"
CSI_DATA,70,5c:01:3b:6b:b0:95,-39,11,1,6,0,1,1,1,0,0,0,-97,1,11,0,12419382,0,86,1,256,1,"[86,-32,4,0,12,3,12,3,12,2,12,2,12,2,11,2,11,1,11,1,11,0,11,0,11,-1,11,-1,11,-1,11,0,11,-1,11,0,11,0,10,0,10,0,9,1,9,1,9,1,9,1,8,2,8,2,2,0,0,0,0,0,0,0,0,0,0,0,0,0,0,0,0,0,0,0,2,0,9,1,9,1,9,1,10,2,10,2,10,3,10,3,10,4,10,4,10,5,10,5,11,5,11,5,11,5,10,5,10,5,10,5,11,4,11,4,11,4,11,4,12,3,12,3,12,3,13,3,13,3,14,6,46,19,46,18,45,18,44,17,43,16,43,15,42,13,42,12,42,10,41,9,41,7,41,6,42,5,42,5,41,5,42,5,41,6,40,6,39,7,37,8,35,9,34,9,33,9,32,10,30,11,29,13,26,19,24,21,4,4,1,1,-1,-1,-2,-1,-1,-1,1,0,6,0,33,6,33,8,34,7,34,10,35,12,35,15,36,17,36,19,36,20,36,22,36,23,37,24,37,25,37,25,37,26,37,26,37,26,37,25,37,25,38,24,39,24,40,23,41,22,42,21,43,20,44,20,45,19,45,19]"
CSI_DATA,71,5c:01:3b:6b:b0:95,-38,11,1,5,0,1,1,1,0,0,0,-97,1,11,0,12473929,0,86,1,256,1,"[86,-32,4,0,-13,-4,-13,-4,-13,-4,-12,-4,-12,-3,-12,-3,-12,-3,-12,-2,-11,-2,-12,-1,-12,-1,-12,-1,-12,-1,-11,-1,-11,-1,-11,-1,-11,-1,-11,-1,-10,-2,-10,-2,-10,-2,-10,-2,-9,-2,-9,-3,-9,-3,-3,-1,0,0,0,0,0,0,0,0,0,0,0,0,0,0,0,0,0,0,-3,-1,-10,-2,-10,-2,-10,-3,-10,-4,-10,-4,-11,-4,-11,-5,-11,-5,-10,-6,-11,-6,-11,-6,-11,-6,-11,-6,-11,-6,-11,-6,-11,-6,-11,-6,-11,-6,-11,-6,-12,-5,-12,-5,-12,-5,-12,-4,-13,-4,-13,-4,-13,-5,-13,-9,-41,-27,-41,-26,-40,-26,-39,-25,-38,-23,-38,-22,-38,-21,-38,-20,-38,-17,-39,-16,-40,-14,-40,-13,-40,-13,-40,-13,-39,-13,-39,-13,-38,-13,-37,-13,-36,-14,-35,-15,-34,-15,-32,-15,-31,-15,-30,-15,-28,-16,-26,-16,-20,-25,-18,-25,-3,-5,-1,-2,-1,0,0,0,0,0,-2,-1,-6,-3,-31,-17,-30,-19,-32,-14,-31,-17,-31,-19,-31,-22,-31,-24,-31,-26,-31,-27,-31,-29,-31,-29,-31,-30,-32,-30,-32,-31,-32,-32,-32,-32,-32,-32,-32,-31,-33,-30,-33,-30,-33,-30,-34,-29,-35,-29,-37,-28,-37,-26,-39,-26,-41,-25,-41,-26]"
CSI_DATA,72,5c:01:3b:6b:b0:95,-37,11,1,4,0,1,1,1,0,0,0,-97,1,11,0,12525423,0,86,1,256,1,"[86,-32,4,0,11,-6,11,-6,11,-6,11,-6,10,-6,10,-6,10,-6,9,-7,9,-7,9,-7,8,-7,8,-7,8,-7,8,-8,8,-8,9,-7,8,-7,8,-7,8,-6,8,-6,8,-5,8,-5,7,-5,7,-5,7,-4,1,-1,0,0,0,0,0,0,0,0,0,0,0,0,0,0,0,0,0,0,1,-2,7,-6,8,-6,8,-5,9,-5,9,-5,10,-5,10,-4,10,-4,11,-4,11,-4,12,-4,12,-3,12,-3,11,-3,11,-3,11,-3,11,-4,11,-4,11,-4,11,-4,11,-5,11,-5,11,-5,11,-5,12,-6,12,-6,14,-5,46,-15,46,-15,45,-15,44,-15,43,-16,42,-17,40,-17,39,-18,38,-19,37,-21,36,-22,35,-23,35,-24,36,-24,35,-23,35,-23,35,-22,35,-21,34,-20,34,-18,34,-17,33,-16,31,-14,31,-13,30,-12,30,-11,31,-4,30,-2,5,-1,1,-1,-1,-1,-1,0,-1,0,1,-2,4,-4,28,-20,29,-18,31,-18,33,-16,35,-15,37,-14,38,-12,39,-11,41,-9,42,-7,43,-6,44,-6,45,-6,45,-6,45,-6,45,-5,45,-5,45,-5,44,-6,44,-7,44,-7,44,-9,44,-10,44,-11,44,-13,45,-14,47,-16,48,-16]"
CSI_DATA,73,5c:01:3b:6b:b0:95,-42,11,1,5,0,1,1,1,0,0,0,-97,1,11,0,12571205,0,86,1,256,1,"[86,-32,4,0,1,-26,1,-26,0,-25,0,-24,0,-24,-1,-23,-1,-23,-2,-22,-3,-22,-4,-22,-4,-21,-5,-22,-5,-22,-4,-22,-4,-22,-4,-22,-4,-22,-3,-21,-2,-21,-2,-20,-1,-19,-1,-18,0,-18,0,-18,1,-17,0,-5,0,0,0,0,0,0,0,0,0,0,0,0,0,0,0,0,0,0,-1,-5,-3,-19,-2,-19,-2,-20,-1,-21,0,-21,1,-22,2,-23,3,-23,4,-23,4,-23,4,-24,5,-24,5,-24,5,-23,5,-23,5,-24,4,-24,4,-23,4,-24,3,-24,3,-24,2,-24,2,-24,1,-25,1,-26,1,-27,3,-15,11,-47,11,-47,11,-46,10,-45,9,-44,8,-43,7,-43,6,-42,4,-41,3,-41,1,-42,0,-41,-1,-42,-1,-42,0,-41,0,-40,1,-40,1,-40,2,-39,3,-38,4,-37,5,-35,5,-34,6,-33,7,-31,8,-30,16,-26,18,-25,3,-5,1,-2,-1,0,-1,1,-1,0,-1,-2,0,-7,1,-35,3,-34,1,-35,3,-36,5,-37,7,-37,9,-38,11,-39,13,-39,15,-39,16,-39,16,-40,17,-41,17,-41,18,-41,19,-41,18,-41,18,-41,17,-41,16,-41,16,-42,15,-42,14,-43,13,-44,12,-45,11,-45,11,-47,11,-47]"
CSI_DATA,74,5c:01:3b:6b:b0:95,-38,11,1,5,0,1,1,1,0,0,0,-97,1,11,0,12621423,0,86,1,256,1,"[86,-32,4,0,-11,-8,-11,-8,-10,-8,-10,-7,-10,-7,-10,-6,-10,-6,-10,-6,-10,-6,-10,-5,-10,-5,-10,-5,-10,-4,-10,-4,-11,-4,-10,-4,-10,-5,-10,-5,-9,-5,-9,-5,-9,-5,-8,-5,-8,-5,-7,-5,-7,-5,-2,-2,0,0,0,0,0,0,0,0,0,0,0,0,0,0,0,0,0,0,-2,-2,-8,-5,-8,-6,-8,-6,-8,-7,-8,-7,-8,-7,-8,-8,-8,-8,-8,-9,-8,-9,-8,-10,-8,-10,-8,-10,-8,-10,-8,-9,-8,-9,-8,-9,-8,-9,-9,-9,-9,-9,-9,-9,-10,-8,-10,-8,-10,-8,-10,-9,-10,-9,-13,-9,-40,-29,-40,-30,-39,-29,-39,-28,-38,-26,-38,-25,-38,-24,-38,-22,-38,-21,-38,-19,-39,-18,-39,-16,-39,-16,-40,-16,-39,-15,-39,-15,-38,-15,-37,-16,-36,-16,-35,-17,-34,-17,-32,-17,-31,-17,-29,-18,-28,-18,-26,-19,-23,-20,-21,-21,-4,-5,-2,-2,0,0,0,0,0,0,-2,-1,-6,-2,-32,-9,-32,-11,-32,-17,-31,-19,-31,-22,-31,-24,-31,-25,-31,-27,-31,-29,-31,-30,-30,-31,-30,-33,-30,-34,-30,-35,-30,-35,-30,-35,-30,-35,-31,-34,-32,-33,-32,-32,-32,-32,-33,-32,-34,-31,-36,-31,-37,-30,-38,-29,-39,-29,-39,-29]"
CSI_DATA,75,5c:01:3b:6b:b0:95,-42,11,1,5,0,1,1,1,0,0,0,-97,1,11,0,12671193,0,86,1,256,1,"[86,-32,4,0,24,-5,24,-6,23,-6,22,-6,22,-6,21,-7,21,-7,20,-8,19,-9,19,-10,19,-10,19,-10,19,-10,18,-10,18,-10,18,-10,18,-9,18,-9,17,-8,17,-7,17,-6,16,-6,16,-5,15,-5,15,-4,3,-1,0,0,0,0,0,0,0,0,0,0,0,0,0,0,0,0,0,0,4,-2,16,-7,17,-7,18,-6,19,-5,20,-4,20,-4,21,-3,21,-2,22,-2,22,-1,23,-2,23,-1,23,-1,23,-1,23,-1,23,-1,22,-1,22,-2,22,-2,23,-2,23,-3,23,-4,23,-4,24,-5,25,-5,25,-6,14,0,46,1,46,1,44,1,43,0,42,-1,41,-1,40,-2,40,-4,39,-5,38,-7,38,-9,38,-10,38,-10,38,-10,38,-10,37,-9,37,-9,36,-8,36,-8,35,-6,34,-5,33,-4,31,-3,30,-3,29,-1,28,0,28,10,27,12,4,2,1,0,-1,-1,-2,0,-1,-1,1,-1,5,-1,32,-4,33,-1,33,-6,34,-4,35,-1,36,1,37,2,38,4,39,6,40,7,40,8,40,9,41,9,41,9,42,9,41,10,41,10,41,9,41,9,41,8,41,7,41,6,42,5,43,4,43,3,44,1,45,1,46,0]"
CSI_DATA,76,5c:01:3b:6b:b0:95,-43,11,1,6,0,1,1,1,0,0,0,-97,1,11,0,12719949,0,86,1,256,1,"[86,-32,4,0,22,-13,22,-13,21,-13,20,-13,19,-13,19,-13,18,-14,17,-14,16,-15,16,-15,15,-15,15,-15,15,-16,15,-16,15,-16,15,-15,15,-15,15,-14,14,-14,14,-13,15,-12,15,-11,14,-10,14,-10,14,-9,3,-3,0,0,0,0,0,0,0,0,0,0,0,0,0,0,0,0,0,0,3,-3,14,-12,15,-12,16,-11,17,-11,18,-11,19,-10,19,-10,20,-9,21,-9,22,-8,22,-8,23,-8,23,-7,22,-7,22,-7,22,-8,22,-9,21,-9,21,-9,22,-10,22,-11,22,-11,22,-11,22,-12,23,-13,23,-14,13,-7,45,-22,44,-22,43,-21,42,-21,40,-21,39,-21,38,-22,37,-23,35,-24,34,-25,33,-26,32,-27,31,-28,31,-27,31,-27,31,-27,31,-26,31,-25,32,-24,31,-23,30,-21,29,-19,29,-18,28,-17,28,-15,28,-14,30,-9,29,-7,5,-2,1,-1,-1,0,-1,0,-1,0,1,-2,4,-5,24,-24,26,-22,28,-21,30,-20,33,-18,35,-17,36,-16,38,-15,40,-14,41,-13,42,-12,43,-12,43,-12,44,-12,44,-11,44,-11,44,-11,44,-12,44,-12,43,-12,43,-13,43,-14,43,-16,43,-17,43,-19,43,-20,44,-21,44,-22]"
CSI_DATA,77,5c:01:3b:6b:b0:95,-43,11,1,6,0,1,1,1,0,0,0,-97,1,11,0,12769261,0,86,1,256,1,"[86,-32,4,0,22,12,22,12,22,11,22,10,22,9,21,9,21,8,20,7,20,6,21,6,21,5,21,5,21,5,21,4,21,4,21,5,20,5,19,5,18,5,18,6,17,6,17,6,16,7,15,7,14,8,3,2,0,0,0,0,0,0,0,0,0,0,0,0,0,0,0,0,0,0,4,1,17,5,17,6,18,8,18,9,18,10,18,11,18,12,18,12,18,13,18,14,18,15,18,16,18,16,18,16,18,15,18,15,18,14,18,14,19,14,20,13,20,13,21,13,21,12,22,13,23,13,23,13,13,7,43,25,42,24,41,24,40,23,40,22,40,21,39,19,39,17,39,15,39,13,40,12,40,11,40,10,40,10,40,10,39,11,39,11,38,11,37,11,36,12,34,13,33,13,31,13,30,14,28,15,26,15,24,18,22,19,3,3,0,1,-1,-1,-2,-1,-1,-1,1,0,5,0,33,6,33,8,33,11,33,14,33,17,33,19,33,22,33,24,34,25,34,27,34,28,34,29,34,29,34,29,34,30,34,30,34,30,34,30,34,30,34,29,35,29,36,28,37,27,38,27,39,25,41,25,42,24,42,24]"
CSI_DATA,78,5c:01:3b:6b:b0:95,-43,11,1,5,0,1,1,1,0,0,0,-97,1,11,0,12819380,0,86,1,256,1,"[86,-32,4,0,-8,-28,-8,-27,-8,-26,-8,-25,-9,-24,-9,-24,-10,-23,-10,-22,-11,-22,-12,-21,-12,-21,-13,-21,-12,-21,-12,-21,-12,-21,-12,-21,-11,-21,-10,-21,-9,-20,-9,-20,-8,-19,-7,-18,-7,-18,-6,-18,-5,-18,-2,-5,0,0,0,0,0,0,0,0,0,0,0,0,0,0,0,0,0,0,-3,-5,-10,-19,-9,-19,-9,-21,-8,-22,-7,-22,-6,-24,-5,-24,-5,-25,-4,-25,-4,-26,-4,-27,-4,-27,-4,-27,-4,-27,-3,-27,-3,-27,-4,-26,-4,-26,-5,-26,-5,-26,-6,-26,-7,-26,-7,-26,-8,-26,-8,-28,-8,-28,-2,-17,-8,-53,-7,-53,-8,-52,-8,-51,-8,-49,-9,-48,-9,-46,-11,-45,-12,-44,-15,-43,-17,-43,-18,-42,-19,-42,-18,-42,-17,-42,-16,-42,-15,-41,-14,-41,-13,-40,-11,-40,-10,-39,-9,-38,-9,-36,-8,-36,-6,-35,-4,-34,4,-33,6,-33,1,-6,0,-2,-1,0,0,0,0,0,-2,-2,-4,-7,-17,-35,-14,-36,-14,-37,-12,-38,-10,-40,-8,-42,-6,-44,-4,-45,-2,-46,0,-47,0,-47,1,-48,0,-49,0,-50,0,-50,1,-50,2,-50,1,-50,1,-50,0,-49,0,-50,-1,-50,-2,-50,-4,-51,-6,-51,-8,-51,-9,-52,-9,-53]"
CSI_DATA,79,5c:01:3b:6b:b0:95,-38,11,1,4,0,1,1,1,0,0,0,-97,1,11,0,12871131,0,86,1,256,1,"[86,-32,4,0,-4,12,-4,12,-3,12,-3,12,-3,12,-3,11,-3,11,-2,11,-2,11,-1,11,-1,11,-1,11,-1,11,-1,11,-1,11,-1,11,-1,11,-1,10,-1,10,-2,10,-2,9,-2,8,-2,8,-3,8,-3,8,-1,2,0,0,0,0,0,0,0,0,0,0,0,0,0,0,0,0,0,0,-1,2,-1,9,-2,9,-2,10,-3,10,-3,10,-4,10,-4,11,-5,11,-5,10,-6,10,-6,11,-6,11,-6,11,-6,10,-6,10,-6,11,-6,11,-5,11,-5,11,-5,11,-5,11,-5,11,-4,12,-4,12,-4,13,-4,13,-9,13,-24,45,-24,44,-24,43,-22,42,-21,42,-20,42,-18,41,-17,39,-15,39,-14,39,-12,40,-11,40,-11,41,-11,41,-11,41,-11,40,-11,39,-12,37,-12,37,-13,35,-14,34,-14,33,-14,31,-14,29,-15,28,-16,27,-23,23,-24,21,-5,3,-2,0,0,-1,-1,-2,0,-1,-1,2,-2,6,-8,34,-11,33,-10,35,-13,35,-16,35,-19,35,-20,36,-22,36,-25,36,-27,36,-28,35,-29,35,-29,37,-30,38,-30,37,-30,36,-30,36,-30,36,-29,36,-28,36,-27,37,-27,38,-26,39,-25,40,-24,41,-23,43,-23,45,-24,46]"
CSI_DATA,80,5c:01:3b:6b:b0:95,-43,11,1,5,0,1,1,1,0,0,0,-97,1,11,0,12919354,0,86,1,256,1,"[86,-32,4,0,-13,-11,-13,-11,-13,-10,-13,-10,-13,-9,-12,-9,-12,-9,-12,-8,-13,-8,-13,-7,-13,-7,-13,-6,-13,-6,-13,-6,-13,-6,-13,-6,-12,-6,-12,-7,-11,-7,-11,-7,-10,-7,-10,-7,-10,-7,-9,-7,-9,-7,-3,-2,0,0,0,0,0,0,0,0,0,0,0,0,0,0,0,0,0,0,-3,-2,-11,-7,-11,-7,-11,-8,-11,-9,-11,-10,-11,-10,-10,-11,-10,-11,-10,-12,-10,-12,-10,-13,-10,-13,-10,-13,-10,-13,-10,-13,-10,-13,-10,-12,-10,-12,-11,-12,-11,-12,-11,-12,-12,-11,-12,-11,-13,-11,-13,-11,-13,-12,-13,-16,-43,-48,-43,-47,-43,-46,-42,-45,-41,-43,-41,-42,-41,-40,-41,-38,-42,-36,-43,-34,-45,-32,-46,-30,-46,-30,-46,-29,-46,-29,-45,-28,-44,-28,-42,-29,-40,-29,-39,-30,-37,-31,-35,-30,-34,-29,-32,-29,-30,-29,-28,-29,-20,-34,-17,-35,-3,-7,-1,-3,0,0,1,0,0,0,-3,-2,-7,-5,-37,-28,-36,-31,-37,-30,-36,-33,-35,-36,-34,-39,-34,-42,-33,-44,-32,-47,-31,-49,-30,-49,-30,-50,-31,-52,-31,-53,-31,-53,-30,-53,-30,-53,-31,-52,-31,-51,-31,-50,-32,-50,-33,-49,-35,-49,-37,-49,-39,-48,-41,-47,-42,-47,-42,-48]"
CSI_DATA,81,5c:01:3b:6b:b0:95,-39,11,1,5,0,1,1,1,0,0,0,-97,1,11,0,12972623,0,86,1,256,1,"[86,-32,4,0,-7,-12,-7,-11,-6,-11,-7,-11,-7,-11,-7,-10,-7,-10,-7,-9,-7,-9,-7,-9,-8,-8,-8,-8,-8,-8,-8,-8,-8,-8,-8,-8,-8,-8,-7,-8,-6,-8,-6,-8,-6,-8,-6,-8,-5,-8,-5,-8,-4,-7,-1,-2,0,0,0,0,0,0,0,0,0,0,0,0,0,0,0,0,0,0,-2,-2,-6,-8,-5,-9,-5,-9,-5,-10,-5,-10,-4,-11,-4,-11,-4,-11,-4,-11,-4,-12,-4,-12,-4,-12,-4,-12,-4,-12,-4,-12,-4,-12,-4,-12,-4,-11,-4,-11,-5,-11,-5,-12,-5,-12,-5,-11,-6,-11,-6,-12,-6,-12,-6,-15,-18,-46,-18,-46,-18,-45,-18,-43,-18,-42,-18,-40,-19,-39,-20,-38,-21,-37,-22,-36,-23,-36,-24,-35,-25,-34,-25,-33,-24,-33,-23,-32,-23,-32,-22,-32,-21,-32,-20,-32,-18,-31,-17,-31,-16,-30,-15,-30,-13,-29,-11,-28,-5,-30,-4,-29,-1,-6,-1,-2,-1,0,0,0,0,0,-2,-2,-4,-5,-20,-28,-18,-30,-18,-32,-16,-33,-15,-35,-14,-37,-12,-39,-11,-40,-9,-42,-8,-43,-8,-43,-8,-44,-8,-44,-8,-45,-7,-45,-7,-46,-7,-45,-8,-45,-9,-45,-9,-44,-10,-44,-11,-44,-12,-45,-14,-45,-15,-44,-16,-44,-17,-45,-17,-45]"
CSI_DATA,82,5c:01:3b:6b:b0:95,-43,11,1,5,0,1,1,1,0,0,0,-97,1,11,0,13021337,0,86,1,256,1,"[86,-32,4,0,18,17,18,17,18,15,18,15,18,14,18,14,18,13,17,12,17,11,17,11,18,10,18,10,18,10,18,9,18,9,18,10,17,10,16,10,16,10,15,10,14,10,13,10,13,10,12,10,11,10,2,2,0,0,0,0,0,0,0,0,0,0,0,0,0,0,0,0,0,0,3,2,15,10,15,11,15,12,15,13,15,14,15,15,14,16,14,17,14,17,13,18,14,19,13,19,13,19,13,19,13,19,13,19,14,18,14,17,15,18,16,17,16,17,17,17,17,17,17,17,18,18,18,18,9,11,30,37,29,37,29,36,29,34,29,33,28,32,28,30,29,29,29,26,29,25,31,24,31,23,32,23,32,23,32,23,31,23,30,23,30,22,29,22,27,22,25,23,24,22,23,22,21,22,19,22,18,22,13,26,10,26,1,4,0,1,-1,-1,-1,-1,-1,-1,1,0,4,3,27,20,25,22,26,22,25,24,24,27,24,29,23,31,23,33,22,35,22,36,21,37,21,37,21,38,21,39,20,39,20,40,20,40,20,39,21,38,21,37,22,37,23,37,24,37,26,37,27,36,28,36,30,37,30,37]"
CSI_DATA,83,5c:01:3b:6b:b0:95,-44,11,1,6,0,1,1,1,0,0,0,-97,1,11,0,13069387,0,86,1,256,1,"[86,-32,4,0,16,-21,15,-21,14,-21,14,-20,14,-19,13,-19,12,-19,11,-20,10,-21,9,-21,8,-21,8,-20,8,-20,8,-21,8,-21,8,-20,9,-20,9,-19,9,-18,9,-17,10,-16,10,-16,9,-15,9,-15,10,-14,2,-4,0,0,0,0,0,0,0,0,0,0,0,0,0,0,0,0,0,0,2,-5,8,-18,9,-18,10,-18,11,-18,13,-18,14,-18,15,-17,16,-17,17,-17,18,-17,18,-18,18,-18,18,-17,18,-16,18,-16,18,-17,17,-17,17,-17,17,-17,17,-18,16,-18,16,-19,16,-20,16,-21,16,-22,16,-22,11,-11,35,-36,34,-36,34,-35,33,-35,31,-34,30,-34,29,-34,28,-34,26,-35,24,-35,22,-36,21,-36,21,-37,21,-36,21,-36,21,-36,21,-35,21,-34,22,-33,22,-31,22,-30,22,-28,21,-27,21,-26,21,-24,22,-22,26,-17,27,-15,4,-3,1,-1,-1,0,-1,0,-1,0,0,-2,2,-6,17,-32,20,-31,20,-32,23,-31,25,-30,27,-30,29,-29,31,-29,34,-28,35,-27,37,-27,37,-27,38,-27,39,-28,39,-27,39,-26,39,-26,39,-27,38,-27,37,-28,37,-29,37,-29,36,-30,35,-32,34,-34,34,-35,35,-36,35,-36]"
CSI_DATA,84,5c:01:3b:6b:b0:95,-44,11,1,6,0,1,1,1,0,0,0,-97,1,11,0,13119418,0,86,1,256,1,"[86,-32,4,0,-9,24,-9,23,-8,23,-7,22,-6,22,-6,21,-5,21,-4,21,-4,21,-3,21,-3,20,-3,20,-2,21,-2,21,-2,21,-2,21,-3,20,-3,20,-3,19,-4,18,-5,17,-5,16,-5,16,-6,15,-6,15,-2,3,0,0,0,0,0,0,0,0,0,0,0,0,0,0,0,0,0,0,-1,4,-3,19,-4,19,-5,19,-6,20,-7,20,-8,20,-9,21,-10,21,-11,21,-11,21,-12,21,-12,21,-12,21,-12,20,-12,20,-12,21,-12,21,-11,21,-11,21,-10,21,-10,22,-9,22,-9,22,-9,23,-9,24,-9,25,-9,12,-25,41,-25,41,-25,40,-24,39,-23,38,-21,37,-20,37,-19,37,-17,37,-15,37,-14,37,-13,38,-13,38,-13,38,-13,38,-13,37,-13,36,-14,35,-14,34,-15,32,-15,31,-15,29,-15,28,-15,27,-16,26,-17,25,-24,19,-25,18,-5,3,-2,0,0,-1,0,-2,0,-1,-1,1,-2,6,-12,33,-14,32,-12,34,-15,33,-18,33,-20,33,-22,33,-24,33,-26,33,-27,33,-28,33,-29,33,-30,34,-30,34,-31,33,-31,33,-31,33,-31,33,-30,33,-30,33,-29,34,-28,35,-27,36,-27,37,-26,38,-25,40,-25,41,-25,41]"
CSI_DATA,85,5c:01:3b:6b:b0:95,-44,11,1,6,0,1,1,1,0,0,0,-97,1,11,0,13170761,0,86,1,256,1,"[86,-32,4,0,-15,-21,-15,-21,-15,-20,-15,-19,-15,-19,-15,-18,-15,-17,-15,-16,-15,-16,-16,-15,-17,-14,-17,-14,-17,-14,-17,-14,-16,-14,-16,-14,-16,-14,-15,-14,-14,-14,-13,-14,-13,-13,-12,-13,-12,-13,-11,-13,-10,-13,-3,-4,0,0,0,0,0,0,0,0,0,0,0,0,0,0,0,0,0,0,-4,-4,-13,-14,-13,-15,-12,-17,-12,-18,-12,-19,-11,-19,-10,-20,-10,-21,-10,-22,-10,-22,-10,-23,-10,-23,-10,-23,-10,-23,-9,-23,-9,-22,-10,-22,-10,-22,-11,-22,-11,-21,-12,-21,-12,-21,-13,-21,-14,-21,-15,-22,-15,-22,-7,-14,-23,-44,-22,-43,-21,-42,-21,-41,-21,-40,-22,-39,-22,-38,-23,-36,-23,-34,-25,-33,-26,-32,-27,-31,-27,-31,-27,-31,-27,-30,-26,-30,-26,-29,-25,-29,-24,-30,-22,-29,-21,-29,-20,-28,-19,-28,-18,-27,-16,-27,-14,-27,-8,-28,-6,-28,-1,-6,-1,-2,0,0,0,0,0,0,-2,-2,-5,-5,-23,-28,-21,-29,-21,-30,-20,-32,-18,-34,-17,-36,-16,-38,-15,-39,-14,-41,-13,-42,-12,-42,-12,-43,-12,-44,-12,-45,-12,-45,-11,-45,-11,-45,-12,-45,-12,-44,-12,-43,-13,-44,-14,-44,-15,-43,-17,-43,-19,-43,-21,-43,-22,-43,-22,-43]"
CSI_DATA,86,5c:01:3b:6b:b0:95,-44,11,1,5,0,1,1,1,0,0,0,-97,1,11,0,13221240,0,86,1,256,1,"[86,-32,4,0,9,26,9,25,9,24,9,23,10,22,10,21,10,21,11,20,11,20,12,19,12,18,12,18,13,18,12,18,12,18,12,18,12,19,11,18,10,18,10,17,9,17,8,16,7,16,6,16,5,16,1,4,0,0,0,0,0,0,0,0,0,0,0,0,0,0,0,0,0,0,2,4,10,17,9,18,9,19,8,20,7,21,7,22,6,23,5,24,5,24,4,25,4,26,4,26,4,26,4,25,3,25,4,25,4,25,5,24,5,24,6,24,7,25,8,25,8,24,8,25,9,26,9,27,2,15,10,51,9,51,9,50,10,48,10,46,11,45,12,44,13,43,14,41,16,40,17,40,18,39,19,39,19,39,18,39,18,38,17,37,17,37,16,37,14,36,13,35,12,34,11,33,9,33,7,32,5,31,-2,32,-4,32,-1,5,-1,1,-1,-1,-1,-2,-1,-1,1,1,3,5,17,34,14,35,15,36,12,37,10,39,8,41,6,42,5,44,4,45,3,46,2,47,1,47,0,48,0,49,0,49,-1,49,-1,49,0,49,0,48,1,48,2,48,4,48,5,48,7,49,8,49,9,50,10,51,10,51]"
CSI_DATA,87,5c:01:3b:6b:b0:95,-44,11,1,6,0,1,1,1,0,0,0,-97,1,11,0,13269375,0,86,1,256,1,"[86,-32,4,0,25,-3,24,-4,23,-4,23,-5,23,-5,22,-5,21,-5,20,-6,19,-7,19,-8,19,-8,19,-8,19,-8,19,-9,19,-8,19,-8,18,-8,18,-7,18,-6,17,-6,17,-5,17,-4,16,-4,15,-4,15,-3,3,-1,0,0,0,0,0,0,0,0,0,0,0,0,0,0,0,0,0,0,4,-2,17,-7,18,-6,19,-5,20,-4,20,-3,21,-3,22,-2,22,-1,23,0,23,0,24,0,24,0,24,1,23,1,23,1,23,1,23,0,22,0,23,0,23,-1,24,-1,24,-2,24,-3,25,-3,25,-4,26,-4,14,0,48,1,47,1,46,1,45,1,43,0,43,-1,42,-2,41,-3,40,-5,39,-7,39,-9,38,-10,38,-10,38,-10,38,-9,37,-9,37,-8,37,-8,37,-7,36,-5,35,-4,33,-4,32,-3,30,-3,29,-1,28,0,28,7,27,9,4,1,1,0,-1,-1,-2,0,-1,0,1,-1,5,-2,32,-10,33,-7,34,-7,35,-5,37,-2,38,0,39,2,40,4,41,6,42,7,42,8,43,8,43,7,44,8,43,8,43,9,43,10,43,10,43,9,42,8,43,8,44,7,44,6,45,4,45,2,46,1,47,0,48,0]"
CSI_DATA,88,5c:01:3b:6b:b0:95,-45,11,1,6,0,1,1,1,0,0,0,-97,1,11,0,13319389,0,86,1,256,1,"[86,-32,4,0,-29,3,-28,3,-26,4,-26,5,-25,5,-25,5,-24,6,-23,7,-22,7,-22,7,-22,8,-22,8,-22,8,-21,9,-21,9,-21,8,-21,8,-20,7,-20,7,-20,6,-20,5,-19,4,-19,3,-18,3,-17,2,-5,0,0,0,0,0,0,0,0,0,0,0,0,0,0,0,0,0,0,0,-5,1,-20,7,-21,6,-22,5,-23,4,-24,3,-24,3,-25,2,-25,1,-26,0,-27,-1,-27,-1,-27,-2,-27,-2,-27,-2,-26,-2,-27,-1,-26,-1,-26,0,-26,0,-27,1,-27,2,-27,2,-27,3,-28,3,-29,3,-29,4,-17,-1,-53,-1,-52,-2,-51,-2,-49,-2,-48,-1,-47,0,-46,1,-46,3,-45,4,-44,5,-43,6,-43,7,-43,8,-43,8,-42,9,-42,8,-42,8,-42,7,-41,6,-40,5,-39,4,-37,2,-36,1,-35,0,-33,-1,-32,-2,-30,-11,-29,-12,-6,-3,-2,-1,0,0,1,-1,0,-1,-3,0,-7,1,-38,4,-39,2,-39,6,-40,3,-41,1,-43,-1,-44,-3,-45,-5,-46,-6,-47,-8,-47,-10,-48,-11,-48,-11,-48,-12,-48,-13,-47,-13,-47,-13,-48,-12,-48,-11,-48,-10,-48,-9,-49,-8,-49,-6,-50,-5,-50,-4,-51,-4,-52,-4,-52,-3]"
CSI_DATA,89,5c:01:3b:6b:b0:95,-44,11,1,5,0,1,1,1,0,0,0,-97,1,11,0,13371004,0,86,1,256,1,"[86,-32,4,0,15,22,15,21,15,20,15,19,15,19,15,18,15,17,15,16,15,16,16,15,16,14,16,14,16,14,16,14,16,15,16,15,16,15,15,15,14,15,13,15,12,14,11,14,11,14,10,14,9,14,2,3,0,0,0,0,0,0,0,0,0,0,0,0,0,0,0,0,0,0,3,3,15,13,14,14,14,15,14,17,13,18,13,19,12,20,11,21,11,21,11,22,11,23,11,23,11,23,11,23,10,23,11,23,11,22,11,22,12,22,13,22,13,22,14,22,14,21,15,22,15,22,16,23,7,13,25,45,25,45,24,44,24,42,24,41,24,40,24,38,25,37,26,34,27,33,28,32,28,31,29,31,29,32,29,31,28,31,27,30,26,30,25,30,23,30,22,30,20,29,19,29,18,29,16,28,14,28,9,30,7,30,0,5,0,1,-1,-1,-2,-1,-1,-1,1,1,5,4,28,25,26,27,26,28,24,30,23,33,22,35,21,37,20,39,19,41,18,43,17,43,16,44,16,45,16,46,16,46,15,46,15,46,16,46,16,45,16,44,17,44,18,44,19,44,21,45,22,44,24,44,25,45,25,45]"
CSI_DATA,90,5c:01:3b:6b:b0:95,-42,11,1,4,0,1,1,1,0,0,0,-97,1,11,0,13421070,0,86,1,256,1,"[86,-32,4,0,25,-4,24,-4,23,-4,23,-5,22,-5,21,-5,21,-6,20,-6,19,-7,19,-8,19,-8,19,-8,19,-8,18,-9,19,-9,19,-8,18,-8,18,-7,17,-6,17,-6,17,-5,16,-4,16,-4,15,-3,15,-3,3,-1,0,0,0,0,0,0,0,0,0,0,0,0,0,0,0,0,0,0,4,-2,17,-7,18,-6,19,-5,20,-4,20,-4,21,-3,21,-2,22,-2,22,-1,23,0,24,0,24,1,23,1,23,1,23,1,23,1,23,0,22,-1,23,-1,23,-1,23,-2,24,-2,24,-3,24,-3,25,-3,25,-4,14,-2,46,-4,46,-4,46,-4,44,-5,43,-5,42,-6,41,-6,39,-7,39,-9,38,-11,38,-12,37,-13,37,-13,37,-14,36,-14,36,-14,36,-13,35,-12,35,-11,34,-10,33,-8,32,-7,31,-6,30,-5,29,-4,29,-3,28,1,27,2,4,0,1,0,-1,-1,-2,0,-1,0,1,-2,5,-3,30,-15,32,-13,34,-11,35,-9,37,-7,39,-5,39,-3,40,-2,41,0,42,2,43,3,44,4,45,4,45,4,44,5,44,5,44,5,44,5,44,4,43,3,43,2,44,1,44,0,45,-1,45,-2,46,-3,47,-3,48,-4]"
CSI_DATA,91,5c:01:3b:6b:b0:95,-44,11,1,5,0,1,1,1,0,0,0,-97,1,11,0,13469321,0,86,1,256,1,"[86,-32,4,0,-2,24,-1,23,0,22,0,22,0,22,1,21,1,20,2,20,3,20,4,20,4,19,5,19,4,19,4,19,4,19,4,19,4,19,3,18,3,18,2,17,2,16,1,16,1,16,1,15,0,15,0,3,0,0,0,0,0,0,0,0,0,0,0,0,0,0,0,0,0,0,0,4,1,18,1,18,0,19,-1,19,-2,20,-3,20,-4,21,-5,21,-5,21,-6,22,-6,22,-6,23,-6,22,-6,22,-6,22,-6,22,-6,22,-5,21,-5,22,-4,22,-3,22,-3,23,-2,23,-2,24,-2,25,-2,26,-4,13,-11,45,-11,45,-11,44,-10,42,-9,41,-8,41,-6,40,-5,39,-3,38,-2,38,0,38,1,38,1,38,1,38,1,38,1,37,1,36,1,36,0,36,-1,35,-2,33,-2,32,-3,31,-3,30,-4,29,-6,28,-13,25,-14,25,-3,4,-1,1,0,-1,0,-2,0,-1,0,1,-1,5,-3,34,-5,33,-4,34,-6,35,-8,35,-10,36,-12,37,-14,37,-16,38,-17,38,-18,38,-19,38,-19,39,-19,39,-20,39,-20,39,-20,39,-20,39,-18,39,-17,39,-17,39,-16,40,-15,41,-14,42,-13,43,-12,44,-12,45,-12,45]"
CSI_DATA,92,5c:01:3b:6b:b0:95,-44,11,1,5,0,1,1,1,0,0,0,-97,1,11,0,13522866,0,86,1,256,1,"[86,-32,4,0,-10,25,-10,24,-9,24,-8,23,-8,23,-7,22,-6,22,-5,22,-4,22,-3,22,-3,21,-3,21,-2,22,-2,22,-3,22,-2,21,-3,21,-3,21,-4,20,-4,19,-4,18,-5,17,-5,16,-5,16,-6,16,-2,4,0,0,0,0,0,0,0,0,0,0,0,0,0,0,0,0,0,0,-1,5,-4,20,-5,20,-6,20,-8,20,-9,21,-10,21,-11,22,-12,22,-13,21,-13,22,-13,22,-14,22,-14,22,-14,21,-14,21,-14,21,-13,21,-13,21,-12,22,-11,22,-11,23,-11,23,-10,24,-10,24,-10,25,-10,26,-10,13,-28,43,-28,43,-27,42,-25,40,-24,39,-23,39,-22,38,-20,38,-18,38,-16,38,-14,39,-13,40,-12,40,-12,40,-13,40,-13,39,-13,38,-13,37,-14,36,-14,34,-15,33,-15,32,-15,30,-14,29,-15,28,-16,26,-23,21,-24,20,-5,3,-2,0,0,-1,0,-2,0,-1,-1,1,-3,6,-13,34,-16,34,-14,35,-17,35,-20,34,-23,34,-25,34,-27,34,-29,34,-31,34,-32,34,-32,34,-32,35,-33,36,-33,36,-34,35,-34,34,-34,35,-33,34,-32,35,-31,35,-31,36,-30,37,-29,39,-27,40,-27,41,-26,43,-27,44]"
CSI_DATA,93,5c:01:3b:6b:b0:95,-44,11,1,5,0,1,1,1,0,0,0,-97,1,11,0,13569393,0,86,1,256,1,"[86,-32,4,0,-11,13,-10,13,-10,13,-9,12,-9,12,-9,12,-8,12,-7,12,-6,12,-6,12,-6,12,-6,12,-5,12,-5,12,-5,12,-5,12,-5,12,-6,12,-6,11,-6,10,-6,10,-6,9,-6,9,-6,9,-6,8,-2,2,0,0,0,0,0,0,0,0,0,0,0,0,0,0,0,0,0,0,-2,2,-7,10,-8,11,-8,11,-9,11,-10,11,-11,11,-11,10,-12,10,-12,10,-12,10,-13,10,-13,10,-13,10,-13,9,-13,9,-13,10,-12,10,-12,10,-12,10,-12,11,-11,11,-11,11,-11,12,-11,12,-11,13,-11,13,-8,17,-27,57,-27,56,-26,55,-24,54,-23,53,-21,52,-19,51,-17,50,-15,50,-13,50,-12,51,-10,50,-10,50,-9,51,-8,51,-8,50,-8,50,-9,49,-10,47,-10,46,-11,44,-11,42,-12,40,-13,38,-14,37,-15,35,-10,37,-11,36,-3,6,-1,1,-1,-1,-1,-2,-1,-1,0,2,1,8,4,47,0,47,-16,44,-19,45,-23,45,-25,46,-28,46,-31,47,-33,47,-35,47,-36,46,-37,45,-39,46,-40,45,-40,45,-39,45,-39,45,-38,46,-37,46,-35,47,-34,48,-32,49,-31,50,-30,52,-29,52,-29,54,-29,55,-30,55]"
CSI_DATA,94,5c:01:3b:6b:b0:95,-44,11,1,5,0,1,1,1,0,0,0,-97,1,11,0,13619398,0,86,1,256,1,"[86,-32,4,0,6,24,6,24,7,23,7,22,7,21,8,21,8,20,8,19,9,19,9,18,9,17,10,17,10,17,10,17,10,18,10,17,10,17,9,17,8,16,8,16,7,16,6,15,5,15,4,15,4,15,0,3,0,0,0,0,0,0,0,0,0,0,0,0,0,0,0,0,0,0,2,4,8,17,7,18,6,19,6,20,5,21,4,21,3,22,3,23,2,23,1,24,1,24,1,24,1,24,1,23,1,23,1,24,2,23,2,23,3,23,4,23,4,23,5,24,5,23,5,24,5,25,6,26,3,14,12,47,12,46,12,45,12,44,12,42,13,41,14,40,15,38,16,37,17,35,18,34,19,34,19,34,20,34,19,34,19,33,18,33,18,32,17,32,15,31,14,31,13,30,12,29,11,28,9,27,7,27,5,27,4,27,0,4,0,1,-1,-1,-1,-1,-1,-1,1,1,4,5,21,28,19,30,16,33,14,34,12,36,10,38,8,40,7,41,6,43,4,44,3,44,3,45,2,46,2,46,2,46,1,46,1,46,2,46,3,45,3,45,4,45,6,45,7,45,9,46,10,46,11,46,12,46,12,46]"
CSI_DATA,95,5c:01:3b:6b:b0:95,-43,11,1,4,0,1,1,1,0,0,0,-97,1,11,0,13671196,0,86,1,256,1,"[86,-32,4,0,10,-12,10,-12,10,-12,9,-12,9,-12,9,-12,8,-11,7,-12,7,-12,6,-12,6,-12,5,-12,5,-12,5,-12,6,-12,6,-12,6,-12,6,-11,6,-11,6,-10,6,-9,6,-9,6,-9,5,-8,5,-8,1,-2,0,0,0,0,0,0,0,0,0,0,0,0,0,0,0,0,0,0,1,-3,6,-11,7,-11,8,-11,8,-11,9,-10,10,-10,11,-10,11,-10,12,-10,12,-10,12,-10,12,-10,12,-9,12,-9,12,-9,12,-9,12,-10,11,-10,11,-10,11,-10,11,-11,11,-11,11,-11,11,-12,11,-12,12,-13,13,-13,45,-42,44,-41,43,-40,41,-40,40,-40,39,-40,36,-39,34,-39,32,-40,30,-41,28,-43,26,-43,26,-44,26,-43,26,-43,26,-42,26,-41,26,-39,26,-39,26,-37,26,-35,25,-33,24,-31,24,-30,24,-28,25,-26,28,-22,28,-20,5,-4,1,-1,-1,0,-1,1,-1,0,0,-3,3,-8,21,-42,24,-40,28,-39,32,-38,36,-37,38,-36,41,-35,43,-34,46,-32,48,-31,49,-29,49,-29,50,-31,50,-31,50,-30,51,-30,51,-30,51,-30,49,-30,48,-31,48,-32,47,-34,46,-35,46,-36,45,-37,45,-39,46,-42,47,-43]"
CSI_DATA,96,5c:01:3b:6b:b0:95,-44,11,1,5,0,1,1,1,0,0,0,-97,1,11,0,13719485,0,86,1,256,1,"[86,-32,4,0,-15,1,-14,1,-13,2,-13,2,-13,2,-13,2,-12,2,-12,3,-11,3,-11,3,-11,3,-11,4,-11,4,-11,4,-11,4,-11,4,-11,3,-10,3,-10,3,-10,2,-10,2,-9,2,-9,2,-9,1,-9,1,-3,0,0,0,0,0,0,0,0,0,0,0,0,0,0,0,0,0,0,0,-3,0,-11,3,-11,2,-12,2,-12,1,-13,1,-13,1,-13,0,-13,0,-14,-1,-14,-1,-14,-1,-14,-2,-14,-2,-14,-2,-14,-2,-14,-1,-14,-1,-14,-1,-14,-1,-14,0,-14,0,-14,0,-14,1,-14,1,-15,1,-15,1,-17,-1,-54,-1,-54,-1,-52,-1,-50,-1,-49,0,-48,1,-47,2,-46,3,-44,5,-43,7,-43,9,-43,10,-43,11,-43,11,-42,11,-41,10,-40,10,-39,9,-39,9,-38,7,-37,6,-35,5,-34,4,-33,4,-32,2,-31,1,-30,-5,-29,-7,-6,-2,-2,-1,0,-1,0,-1,0,-1,-2,0,-7,1,-38,9,-39,6,-41,7,-42,4,-44,0,-45,-2,-46,-4,-48,-6,-48,-7,-49,-9,-49,-10,-49,-10,-50,-10,-51,-11,-51,-11,-51,-12,-51,-12,-51,-12,-50,-11,-50,-10,-49,-9,-50,-8,-50,-7,-51,-5,-51,-3,-52,-2,-53,-1,-54,0]"
CSI_DATA,97,5c:01:3b:6b:b0:95,-45,11,1,5,0,1,1,1,0,0,0,-97,1,11,0,13769460,0,86,1,256,1,"[86,-32,4,0,23,12,22,11,22,10,21,9,21,9,21,8,20,7,20,7,20,6,20,5,20,4,20,4,20,4,20,4,20,4,19,4,19,5,18,5,17,5,16,5,16,5,15,5,14,5,13,6,13,6,3,1,0,0,0,0,0,0,0,0,0,0,0,0,0,0,0,0,0,0,4,1,19,4,19,6,20,7,20,9,20,10,20,11,20,12,20,12,20,13,20,14,20,15,20,15,20,15,20,15,19,15,19,15,19,14,19,14,20,13,20,13,21,13,22,12,22,12,22,12,23,12,24,12,12,8,42,25,42,25,41,25,40,23,39,22,38,21,38,20,37,18,37,16,37,14,38,12,38,11,38,11,38,11,38,11,37,11,36,11,35,11,34,11,32,12,31,13,29,13,28,13,27,12,25,13,23,13,21,16,19,18,3,3,0,1,-1,-1,-2,-1,-1,-1,1,0,6,0,36,6,36,9,36,11,36,14,36,17,36,20,36,22,36,24,36,27,36,28,36,29,35,30,36,31,36,31,35,32,35,32,35,32,35,31,35,30,35,30,35,29,36,29,37,28,39,28,40,27,41,26,42,25,42,26]"
CSI_DATA,98,5c:01:3b:6b:b0:95,-45,11,1,5,0,1,1,1,0,0,0,-97,1,11,0,13819325,0,86,1,256,1,"[86,-32,4,0,13,22,13,21,13,20,13,19,13,19,13,18,14,17,14,16,14,16,14,15,14,14,14,14,15,14,15,14,15,14,14,14,14,14,13,14,12,13,12,13,11,12,10,12,9,12,8,12,8,12,2,3,0,0,0,0,0,0,0,0,0,0,0,0,0,0,0,0,0,0,3,3,13,15,13,16,12,17,12,18,11,19,11,20,10,21,10,22,9,22,9,23,8,24,8,24,8,24,8,24,8,24,8,23,8,23,9,22,10,22,10,22,11,22,11,22,11,22,12,22,13,23,13,24,4,14,17,46,16,46,16,45,16,43,16,41,17,40,17,39,18,37,19,35,20,34,22,33,22,32,23,32,23,32,22,32,22,31,21,30,21,30,20,30,18,29,17,28,16,28,14,27,14,26,12,26,10,25,3,27,1,27,0,5,-1,1,-1,-1,-1,-1,-1,-1,1,1,3,5,19,32,17,33,20,33,18,34,16,37,14,39,13,40,12,42,10,44,9,45,8,45,7,46,7,47,7,47,7,47,6,48,6,47,6,47,7,46,8,45,9,45,10,45,12,45,13,45,15,45,16,46,17,46,17,47]"
CSI_DATA,99,5c:01:3b:6b:b0:95,-45,11,1,4,0,1,1,1,0,0,0,-96,1,11,0,13871954,0,86,1,256,1,"[86,-32,4,0,-4,27,-4,26,-3,25,-2,25,-2,24,-1,23,-1,23,0,22,1,22,2,22,2,21,3,21,3,21,3,21,3,21,3,21,3,21,2,20,1,19,1,18,0,17,0,16,0,16,-1,16,-1,15,-1,3,0,0,0,0,0,0,0,0,0,0,0,0,0,0,0,0,0,0,0,5,1,21,0,22,-2,22,-3,23,-4,23,-5,24,-6,25,-7,25,-8,25,-8,25,-9,26,-9,26,-9,25,-9,25,-9,25,-9,25,-8,25,-7,24,-7,25,-6,25,-6,25,-5,25,-5,25,-4,26,-4,28,-4,29,-6,14,-17,48,-17,48,-17,47,-16,46,-14,45,-12,45,-11,43,-10,41,-8,41,-6,41,-4,41,-3,41,-2,41,-3,41,-3,40,-3,40,-4,38,-4,37,-4,37,-5,35,-6,34,-6,32,-6,31,-6,30,-6,29,-8,28,-15,25,-16,24,-3,4,-2,1,0,-1,0,-2,0,-1,0,2,-1,6,-3,39,-7,39,-6,40,-9,40,-12,41,-15,41,-17,42,-19,42,-21,42,-23,42,-24,42,-24,42,-25,44,-25,44,-25,44,-26,44,-27,43,-27,42,-26,42,-24,42,-23,43,-22,44,-20,45,-20,46,-18,46,-17,47,-17,49,-17,51]"
